file_stem,pair_type,capture_count,hardware_count,layer4_1_cosine,avgpool_cosine,cosine_reconvergence,layer4_1_relative_l2,avgpool_relative_l2,relative_l2_reconvergence
arabic-003_03,digital_1_vs_bonafide,3,3,0.9374955892562866,0.9821106990178426,0.04461510976155599,0.3534557024637858,0.1914401799440384,0.1620155225197474
arabic-003_03,digital_1_vs_digital_2,3,3,0.9202015995979309,0.9761480093002319,0.055946409702301025,0.4009537200133006,0.22094800571600595,0.18000571429729462
arabic-003_03,digital_2_vs_bonafide,3,3,0.9621770977973938,0.9898629983266195,0.027685900529225666,0.27560117840766907,0.14229685068130493,0.13330432772636414
arabic-005_03,digital_1_vs_bonafide,3,3,0.9270243644714355,0.9818498690923055,0.05482550462086996,0.38627344369888306,0.19543381532033285,0.1908396283785502
arabic-005_03,digital_1_vs_digital_2,3,3,0.9479550123214722,0.9886578520139059,0.04070283969243368,0.32258010903994244,0.15124014765024185,0.17133996138970056
arabic-005_03,digital_2_vs_bonafide,3,3,0.9518998861312866,0.9867572784423828,0.03485739231109619,0.3086649477481842,0.162140483657519,0.1465244640906652
arabic-112_03,digital_1_vs_bonafide,3,3,0.9432598749796549,0.986324687798818,0.043064812819163,0.33994074662526447,0.17464011907577515,0.16530062754948935
arabic-112_03,digital_1_vs_digital_2,3,3,0.9590929945309957,0.9908095995585123,0.031716605027516685,0.2863262891769409,0.13744521886110306,0.14888107031583786
arabic-112_03,digital_2_vs_bonafide,3,3,0.9627108176549276,0.9895645578702291,0.026853740215301514,0.2743162661790848,0.14850965638955435,0.12580660978953043
arabic-131_03,digital_1_vs_bonafide,3,3,0.9148820837338766,0.977550208568573,0.06266812483469646,0.4216967026392619,0.2261497527360916,0.19554694990317026
arabic-131_03,digital_1_vs_digital_2,3,3,0.9360376596450806,0.9840512275695801,0.04801356792449951,0.36271148920059204,0.18175220489501953,0.1809592843055725
arabic-131_03,digital_2_vs_bonafide,3,3,0.939090371131897,0.9838415582974752,0.04475118716557821,0.34934113423029584,0.1854713261127472,0.16386980811754862
arabic-139_03,digital_1_vs_bonafide,3,3,0.9494007627169291,0.9884145855903625,0.03901382287343343,0.31920509537061054,0.15371371308962503,0.1654913822809855
arabic-139_03,digital_1_vs_digital_2,3,3,0.9399587909380595,0.9850542744000753,0.045095483462015785,0.3483553131421407,0.17312739789485931,0.1752279152472814
arabic-139_03,digital_2_vs_bonafide,3,3,0.9645626544952393,0.9908021092414856,0.026239454746246338,0.26651738584041595,0.13510012378295264,0.13141726205746332
arabic-173_03,digital_1_vs_bonafide,3,3,0.9263073603312174,0.9809666872024536,0.05465932687123617,0.38497493664423627,0.19825662672519684,0.1867183099190394
arabic-173_03,digital_1_vs_digital_2,3,3,0.9391169945398966,0.9858133395512899,0.04669634501139323,0.34904863437016803,0.16936996579170227,0.1796786685784658
arabic-173_03,digital_2_vs_bonafide,3,3,0.9602225621541342,0.9900315205256144,0.029808958371480305,0.27995870014031726,0.14089598009983698,0.1390627200404803
arabic-NF-1003,digital_1_vs_bonafide,3,3,0.9143786827723185,0.9744891126950582,0.06011042992273966,0.4126525620619456,0.22545966506004333,0.18719289700190225
arabic-NF-1003,digital_1_vs_digital_2,3,3,0.9327853123346964,0.9819566011428833,0.04917128880818685,0.3659947415192922,0.19107772409915924,0.17491701742013296
arabic-NF-1003,digital_2_vs_bonafide,3,3,0.9602492849032084,0.9891152779261271,0.0288659930229187,0.27457569539546967,0.14516452699899673,0.12941116839647293
arabic-NF-1012,digital_1_vs_bonafide,3,3,0.9184724887212118,0.979684849580129,0.061212360858917236,0.40550704797108966,0.20504367848237356,0.20046336948871613
arabic-NF-1012,digital_1_vs_digital_2,3,3,0.9186559120814005,0.9781218965848287,0.05946598450342814,0.4038248459498088,0.21026155352592468,0.19356329242388406
arabic-NF-1012,digital_2_vs_bonafide,3,3,0.9643064339955648,0.9909876982371012,0.026681264241536457,0.26536605258782703,0.13350906719764075,0.1318569853901863
arabic-NF-1030,digital_1_vs_bonafide,3,3,0.9522995352745056,0.9866913159688314,0.03439178069432577,0.3081086377302806,0.16266986727714539,0.14543877045313516
arabic-NF-1030,digital_1_vs_digital_2,3,3,0.9497004548708597,0.9856634537378947,0.03596299886703491,0.31808172663052875,0.1705500235160192,0.14753170311450958
arabic-NF-1030,digital_2_vs_bonafide,3,3,0.9739301999409994,0.9926708539326986,0.01874065399169922,0.21839969356854758,0.114544744292895,0.10385494927565257
arabic-NF-1037,digital_1_vs_bonafide,3,3,0.8911746939023336,0.9675542910893759,0.07637959718704224,0.46673669417699176,0.2548612058162689,0.21187548836072287
arabic-NF-1037,digital_1_vs_digital_2,3,3,0.9133009711901346,0.9752066930135092,0.06190572182337443,0.4161197741826375,0.22263564666112265,0.1934841275215149
arabic-NF-1037,digital_2_vs_bonafide,3,3,0.9147518475850424,0.9742873509724935,0.05953550338745117,0.4154285291830699,0.2280786782503128,0.18734985093275705
arabic-NF-1040,digital_1_vs_bonafide,3,3,0.9545451800028483,0.9874633153279623,0.03291813532511393,0.3013121883074443,0.1587390055259069,0.14257318278153738
arabic-NF-1040,digital_1_vs_digital_2,3,3,0.9371203978856405,0.9848023653030396,0.047681967417399086,0.3572925329208374,0.1786907563606898,0.1786017765601476
arabic-NF-1040,digital_2_vs_bonafide,3,3,0.9508414069811503,0.9890695611635844,0.03822815418243408,0.31165603299935657,0.1463802233338356,0.165275809665521
arabic-NF-1045,digital_1_vs_bonafide,3,3,0.8756558497746786,0.966331938902537,0.09067608912785848,0.5014876921971639,0.26537175973256427,0.2361159324645996
arabic-NF-1045,digital_1_vs_digital_2,3,3,0.9337778886159261,0.9853940010070801,0.05161611239115397,0.3612111806869507,0.1710072010755539,0.1902039796113968
arabic-NF-1045,digital_2_vs_bonafide,3,3,0.8779792984326681,0.9663249254226685,0.08834562699000041,0.4960889716943105,0.26235997180143994,0.23372899989287058
arabic-NF-1049,digital_1_vs_bonafide,3,3,0.9132348299026489,0.9746445814768473,0.0614097515741984,0.4166455666224162,0.22659412026405334,0.19005144635836282
arabic-NF-1049,digital_1_vs_digital_2,3,3,0.8811178604761759,0.963482121626536,0.08236426115036011,0.4888223608334859,0.2719002564748128,0.2169221043586731
arabic-NF-1049,digital_2_vs_bonafide,3,3,0.9551698366800944,0.9887723724047343,0.03360253572463989,0.3005465666453044,0.1506424049536387,0.14990416169166565
arabic-NF-1053,digital_1_vs_bonafide,3,3,0.9593868454297384,0.9905773997306824,0.03119055430094401,0.28552812337875366,0.13786611457665762,0.14766200880209604
arabic-NF-1053,digital_1_vs_digital_2,3,3,0.9484159151713053,0.9876935482025146,0.03927763303120931,0.3204606771469116,0.15773667891820273,0.1627239982287089
arabic-NF-1053,digital_2_vs_bonafide,3,3,0.971436599890391,0.9922050436337789,0.02076844374338786,0.23866469164689383,0.12579700350761414,0.11286768813927968
arabic-NF-1100,digital_1_vs_bonafide,3,3,0.8956653674443563,0.9682622750600179,0.07259690761566162,0.46089471379915875,0.2582208216190338,0.2026738921801249
arabic-NF-1100,digital_1_vs_digital_2,3,3,0.8982901175816854,0.9729726711908976,0.07468255360921223,0.45226848125457764,0.23517330487569174,0.2170951763788859
arabic-NF-1100,digital_2_vs_bonafide,3,3,0.9013901948928833,0.9716971119244894,0.07030691703160603,0.4449954430262248,0.2388793627421061,0.20611608028411865
arabic-NM-1029,digital_1_vs_bonafide,3,3,0.8795090516408285,0.9688100417455038,0.08930099010467529,0.5085524519284567,0.26962652802467346,0.23892592390378317
arabic-NM-1029,digital_1_vs_digital_2,3,3,0.9042439460754395,0.9753167629241943,0.07107281684875488,0.44918827215830487,0.23433038592338562,0.21485788623491922
arabic-NM-1029,digital_2_vs_bonafide,3,3,0.9695044557253519,0.99233078956604,0.02282633384068807,0.24189947545528412,0.12367089092731476,0.11822858452796936
arabic-NM-1064,digital_1_vs_bonafide,3,3,0.8651860356330872,0.9620588223139445,0.09687278668085735,0.5232700010140737,0.2799786478281021,0.2432913531859716
arabic-NM-1064,digital_1_vs_digital_2,3,3,0.9395207564036051,0.985680083433787,0.046159327030181885,0.3447783887386322,0.16819922626018524,0.17657916247844696
arabic-NM-1064,digital_2_vs_bonafide,3,3,0.88686736424764,0.967590312163035,0.0807229479153951,0.48155393203099567,0.26005621751149494,0.22149771451950073
chinese-018_03,digital_1_vs_bonafide,3,3,0.9816275437672933,0.9963215788205465,0.014694035053253174,0.19102969268957773,0.08595209568738937,0.10507759700218837
chinese-018_03,digital_1_vs_digital_2,3,3,0.9859876831372579,0.9974657495816549,0.011478066444396973,0.16764439642429352,0.07237747559944789,0.09526692082484563
chinese-018_03,digital_2_vs_bonafide,3,3,0.9865007996559143,0.9976860284805298,0.011185228824615479,0.16474401454130808,0.06961710254351298,0.0951269119977951
chinese-020_03,digital_1_vs_bonafide,3,3,0.9785595536231995,0.9962722261746725,0.01771267255147298,0.20627817511558533,0.085927019516627,0.12035115559895833
chinese-020_03,digital_1_vs_digital_2,3,3,0.9736884435017904,0.9954469005266825,0.02175845702489217,0.23005704581737518,0.09737034142017365,0.13268670439720154
chinese-020_03,digital_2_vs_bonafide,3,3,0.9815359711647034,0.9969346125920614,0.015398641427357992,0.19158847133318582,0.07920132080713908,0.11238715052604675
chinese-039_03,digital_1_vs_bonafide,3,3,0.9836311737696329,0.9967343409856161,0.013103167215983072,0.18108022709687552,0.08244589964548747,0.09863432745138805
chinese-039_03,digital_1_vs_digital_2,3,3,0.9793296058972677,0.9959537585576376,0.016624152660369873,0.20376432438691458,0.09112406273682912,0.11264026165008545
chinese-039_03,digital_2_vs_bonafide,3,3,0.9790117939313253,0.9967415928840637,0.017729798952738445,0.20509697496891022,0.08197219421466191,0.1231247807542483
chinese-064_03,digital_1_vs_bonafide,3,3,0.9791126648585001,0.996184766292572,0.017072101434071858,0.20415760080019632,0.08730467408895493,0.11685292671124141
chinese-064_03,digital_1_vs_digital_2,3,3,0.9727243185043335,0.9935594399770101,0.020835121472676594,0.23230321208635965,0.11256926755110423,0.11973394453525543
chinese-064_03,digital_2_vs_bonafide,3,3,0.9809792836507162,0.9961508909861246,0.01517160733540853,0.19450543324152628,0.08840843290090561,0.10609700034062068
chinese-081_03,digital_1_vs_bonafide,3,3,0.9801943699518839,0.9964597622553507,0.016265392303466797,0.19920424123605093,0.08553189287583034,0.1136723483602206
chinese-081_03,digital_1_vs_digital_2,3,3,0.9820840954780579,0.996497372786204,0.014413277308146158,0.18917182087898254,0.08426403750975926,0.10490778336922328
chinese-081_03,digital_2_vs_bonafide,3,3,0.9752902189890543,0.9959328770637512,0.020642658074696858,0.22164747615655264,0.09005910903215408,0.13158836712439856
chinese-096_03,digital_1_vs_bonafide,3,3,0.9309874971707662,0.9829561710357666,0.051968673865000405,0.374739150206248,0.18822842836380005,0.1865107218424479
chinese-096_03,digital_1_vs_digital_2,3,3,0.9736106594403585,0.9945449431737264,0.02093428373336792,0.22950385014216104,0.10470698028802872,0.12479686985413234
chinese-096_03,digital_2_vs_bonafide,3,3,0.9398725032806396,0.985022226969401,0.04514972368876139,0.34794436891873676,0.17439377307891846,0.17355059583981833
chinese-099_03,digital_1_vs_bonafide,3,3,0.9593788584073385,0.9919338226318359,0.032554964224497475,0.28576483329137164,0.12755641837914786,0.15820841491222382
chinese-099_03,digital_1_vs_digital_2,3,3,0.9478028416633606,0.9886683424313863,0.04086550076802572,0.32177425424257916,0.15023906032244363,0.1715351939201355
chinese-099_03,digital_2_vs_bonafide,3,3,0.9551437894503275,0.9914259910583496,0.036282201608022056,0.29970841606458026,0.1309632807970047,0.1687451352675756
chinese-102_03,digital_1_vs_bonafide,3,3,0.9736950000127157,0.9946764906247457,0.02098149061203003,0.23000595966974893,0.10418219864368439,0.12582376102606455
chinese-102_03,digital_1_vs_digital_2,3,3,0.971035917599996,0.993955393632253,0.02291947603225708,0.24186056355635324,0.11096913119157155,0.1308914323647817
chinese-102_03,digital_2_vs_bonafide,3,3,0.9775501092274984,0.9956093430519104,0.01805923382441203,0.2113750477631887,0.09356014430522919,0.11781490345795949
chinese-107_03,digital_1_vs_bonafide,3,3,0.974660317103068,0.9958717823028564,0.02121146519978841,0.2274499088525772,0.0960979958375295,0.1313519130150477
chinese-107_03,digital_1_vs_digital_2,3,3,0.9745070934295654,0.995387852191925,0.02088075876235962,0.22920774420102438,0.10183507452408473,0.12737266967693964
chinese-107_03,digital_2_vs_bonafide,3,3,0.9857446352640787,0.9971785346666971,0.011433899402618408,0.16561142851909003,0.07375717163085938,0.09185425688823064
chinese-NF-1014,digital_1_vs_bonafide,3,3,0.9775020281473795,0.996091365814209,0.018589337666829426,0.21240933736165366,0.08977676182985306,0.12263257553180058
chinese-NF-1014,digital_1_vs_digital_2,3,3,0.9604424436887106,0.9918810129165649,0.03143856922785441,0.2824959059556325,0.12950883557399115,0.1529870703816414
chinese-NF-1014,digital_2_vs_bonafide,3,3,0.9621453881263733,0.9914941986401876,0.02934881051381429,0.2775443693002065,0.13509805500507355,0.14244631429513296
chinese-NF-1023,digital_1_vs_bonafide,3,3,0.9700058301289877,0.9941807985305786,0.024174968401590984,0.2446845918893814,0.10796320935090382,0.13672138253847757
chinese-NF-1023,digital_1_vs_digital_2,3,3,0.9503142635027567,0.9890680114428202,0.03875374794006348,0.3150744338830312,0.14845680693785349,0.1666176269451777
chinese-NF-1023,digital_2_vs_bonafide,3,3,0.9614810148874918,0.9932823975880941,0.03180138270060221,0.2775649478038152,0.1167169859011968,0.1608479619026184
chinese-NF-1042,digital_1_vs_bonafide,3,3,0.9672445853551229,0.9938148856163025,0.026570300261179607,0.2552320957183838,0.11235007643699646,0.14288201928138733
chinese-NF-1042,digital_1_vs_digital_2,3,3,0.9669647812843323,0.9935449163118998,0.026580135027567547,0.25759783387184143,0.11637145280838013,0.1412263810634613
chinese-NF-1042,digital_2_vs_bonafide,3,3,0.9754704038302103,0.9961843490600586,0.020713945229848225,0.21832690636316934,0.08865746359030406,0.1296694427728653
chinese-NF-1059,digital_1_vs_bonafide,3,3,0.9567047953605652,0.9911100467046102,0.034405251344045006,0.2959720591704051,0.13657301912705103,0.15939904004335403
chinese-NF-1059,digital_1_vs_digital_2,3,3,0.9466181794802347,0.989239235719045,0.04262105623881022,0.32667769988377887,0.1489641567071279,0.177713543176651
chinese-NF-1059,digital_2_vs_bonafide,3,3,0.9836703141530355,0.9968611001968384,0.013190786043802897,0.1798597772916158,0.08021168410778046,0.09964809318383534
chinese-NF-1067,digital_1_vs_bonafide,3,3,0.9739201466242472,0.9954544305801392,0.021534283955891926,0.22829570869604746,0.09657060106595357,0.1317251076300939
chinese-NF-1067,digital_1_vs_digital_2,3,3,0.9657238523165385,0.9934105078379313,0.027686655521392822,0.260740985472997,0.11513687918583553,0.1456041062871615
chinese-NF-1067,digital_2_vs_bonafide,3,3,0.9779999057451884,0.9951168100039164,0.017116904258728027,0.20634672045707703,0.09892513106266658,0.10742158939441045
chinese-NF-1072,digital_1_vs_bonafide,3,3,0.9774790604909261,0.9958334366480509,0.018354376157124836,0.21273818612098694,0.09260714799165726,0.12013103812932968
chinese-NF-1072,digital_1_vs_digital_2,3,3,0.9771613081296285,0.9962360064188639,0.019074698289235432,0.21395913263161978,0.08745445559422176,0.126504677037398
chinese-NF-1072,digital_2_vs_bonafide,3,3,0.9704342484474182,0.9945396979649862,0.02410544951756795,0.24413410822550455,0.10618982712427776,0.1379442811012268
chinese-NF-1088,digital_1_vs_bonafide,3,3,0.9684526125590006,0.9939212401707967,0.025468627611796062,0.25118498504161835,0.1102304458618164,0.14095453917980194
chinese-NF-1088,digital_1_vs_digital_2,3,3,0.9617047111193339,0.9916236400604248,0.0299189289410909,0.2795966863632202,0.1353765974442164,0.1442200889190038
chinese-NF-1088,digital_2_vs_bonafide,3,3,0.956663191318512,0.9901636838912964,0.033500492572784424,0.29465389251708984,0.1424031654993693,0.15225072701772055
chinese-NF-1101,digital_1_vs_bonafide,3,3,0.9798322319984436,0.996373454729716,0.01654122273127238,0.20130663613478342,0.08653630316257477,0.11477033297220866
chinese-NF-1101,digital_1_vs_digital_2,3,3,0.9744073351224264,0.9955620368321737,0.021154701709747314,0.22675266861915588,0.09548525512218475,0.13126741349697113
chinese-NF-1101,digital_2_vs_bonafide,3,3,0.9817765553792318,0.9966356754302979,0.01485912005106608,0.19108701248963675,0.08243185530106227,0.10865515718857448
french-022_03,digital_1_vs_bonafide,3,3,0.9478225509325663,0.9875612656275431,0.03973871469497681,0.31117889781792957,0.15162273993094763,0.15955615788698196
french-022_03,digital_1_vs_digital_2,3,3,0.9773990313212076,0.9953659176826477,0.01796688636144002,0.21051092445850372,0.09583042065302531,0.11468050380547841
french-022_03,digital_2_vs_bonafide,3,3,0.9463474353154501,0.9873656233151754,0.04101818799972534,0.31792035698890686,0.154289610683918,0.16363074630498886
french-033_03,digital_1_vs_bonafide,3,3,0.9656166036923727,0.9925904273986816,0.026973823706309002,0.2621312240759532,0.1216056818763415,0.14052554219961166
french-033_03,digital_1_vs_digital_2,3,3,0.9758212367693583,0.9950569073359171,0.019235670566558838,0.22069834172725677,0.10108163456122081,0.11961670716603597
french-033_03,digital_2_vs_bonafide,3,3,0.9540163477261862,0.9892359574635824,0.03521960973739624,0.3035238782564799,0.1469742308060328,0.15654964745044708
french-044_03,digital_1_vs_bonafide,3,3,0.9630119800567627,0.9918515086174011,0.028839528560638428,0.2691839088996251,0.1256695588429769,0.14351435005664825
french-044_03,digital_1_vs_digital_2,3,3,0.9720933238665262,0.9939911166826884,0.02189779281616211,0.23770719269911447,0.11250534405310948,0.125201848646005
french-044_03,digital_2_vs_bonafide,3,3,0.9602449735005697,0.9913933873176575,0.03114841381708781,0.2805236329634984,0.1323597307006518,0.14816390226284662
french-068_03,digital_1_vs_bonafide,3,3,0.9303739269574484,0.9841238061587015,0.05374987920125326,0.37565075357755023,0.1854750911394755,0.19017566243807474
french-068_03,digital_1_vs_digital_2,3,3,0.9780851403872172,0.9953917463620504,0.01730660597483317,0.20857896904150644,0.09625883152087529,0.11232013752063115
french-068_03,digital_2_vs_bonafide,3,3,0.9331031243006388,0.9843387405077616,0.0512356162071228,0.3675506313641866,0.18413234253724417,0.18341828882694244
french-090_03,digital_1_vs_bonafide,3,3,0.9749031662940979,0.9947589635848999,0.019855797290802002,0.22419807314872742,0.1033156489332517,0.12088242421547572
french-090_03,digital_1_vs_digital_2,3,3,0.9779186447461446,0.9953870971997579,0.01746845245361328,0.2102320392926534,0.09633969763914745,0.11389234165350597
french-090_03,digital_2_vs_bonafide,3,3,0.9736001491546631,0.9939701358477274,0.020369986693064373,0.23025226593017578,0.11026396602392197,0.11998829990625381
french-091_03,digital_1_vs_bonafide,3,3,0.9713340401649475,0.9939911762873331,0.022657136122385662,0.23623156547546387,0.10741904377937317,0.1288125216960907
french-091_03,digital_1_vs_digital_2,3,3,0.9701747099558512,0.9941289822260538,0.023954272270202637,0.2436848133802414,0.1079763596256574,0.13570845375458399
french-091_03,digital_2_vs_bonafide,3,3,0.9640466173489889,0.9920507868131002,0.028004169464111328,0.2647165109713872,0.12476948648691177,0.13994702448447546
french-097_03,digital_1_vs_bonafide,3,3,0.9696508049964905,0.9942232370376587,0.024572432041168213,0.24701759219169617,0.11029346287250519,0.13672412931919098
french-097_03,digital_1_vs_digital_2,3,3,0.9670724272727966,0.9934025208155314,0.026330093542734783,0.2567606369654338,0.11600350340207417,0.1407571335633596
french-097_03,digital_2_vs_bonafide,3,3,0.9643839001655579,0.9925565322240194,0.028172632058461506,0.2670074502627055,0.1220850224296252,0.1449224278330803
french-100_03,digital_1_vs_bonafide,3,3,0.955492377281189,0.9910473227500916,0.03555494546890259,0.2975062131881714,0.1359062741200129,0.16159993906815848
french-100_03,digital_1_vs_digital_2,3,3,0.9758414824803671,0.9950018525123596,0.019160370031992596,0.22076497475306192,0.10005153467257817,0.12071344008048375
french-100_03,digital_2_vs_bonafide,3,3,0.9468057751655579,0.9869649807612101,0.04015920559565226,0.32606184482574463,0.16288387775421143,0.1631779670715332
french-118_03,digital_1_vs_bonafide,3,3,0.9645063877105713,0.9923302332560221,0.027823845545450848,0.26697809000809986,0.12684422979752222,0.14013386021057764
french-118_03,digital_1_vs_digital_2,3,3,0.9667779008547465,0.9933423201243082,0.026564419269561768,0.26105551918347675,0.12078200032313664,0.14027351886034012
french-118_03,digital_2_vs_bonafide,3,3,0.9786559144655863,0.9953810771306356,0.016725162665049236,0.19857111324866614,0.09242426976561546,0.10614684348305066
french-135_03,digital_1_vs_bonafide,3,3,0.9803372621536255,0.9961097836494446,0.015772521495819092,0.19961184759934744,0.09191787242889404,0.10769397517045338
french-135_03,digital_1_vs_digital_2,3,3,0.9797163605690002,0.995863139629364,0.01614677906036377,0.20309701561927795,0.09482974062363307,0.10826727499564488
french-135_03,digital_2_vs_bonafide,3,3,0.9806715051333109,0.9960721333821615,0.015400628248850504,0.19491987923781076,0.089170607427756,0.10574927181005478
french-NF-1020,digital_1_vs_bonafide,3,3,0.9666854540506998,0.9932384490966797,0.026552995045979817,0.25743188460667926,0.11761211355527242,0.13981977105140686
french-NF-1020,digital_1_vs_digital_2,3,3,0.9555405179659525,0.9902234474817911,0.03468292951583862,0.29878097772598267,0.14047105113665262,0.15830992658933005
french-NF-1020,digital_2_vs_bonafide,3,3,0.9683720866839091,0.9929877519607544,0.024615665276845295,0.24822046359380087,0.1180441031853358,0.13017636040846506
french-NF-1056,digital_1_vs_bonafide,3,3,0.9569277366002401,0.9894237518310547,0.032496015230814614,0.29346035917599994,0.14642863969008127,0.14703171948591867
french-NF-1056,digital_1_vs_digital_2,3,3,0.9444814920425415,0.9864152073860168,0.04193371534347534,0.33558331926663715,0.16695275902748108,0.1686305602391561
french-NF-1056,digital_2_vs_bonafide,3,3,0.9493525226910909,0.9867877960205078,0.03743527332941691,0.31735220551490784,0.16150244573752084,0.155849759777387
french-NF-1063,digital_1_vs_bonafide,3,3,0.9670188824335734,0.992672324180603,0.02565344174702962,0.25657129287719727,0.12098189443349838,0.13558939844369888
french-NF-1063,digital_1_vs_digital_2,3,3,0.9676644007364908,0.9933951695760092,0.02573076883951823,0.25393977264563244,0.11427013079325359,0.13966964185237885
french-NF-1063,digital_2_vs_bonafide,3,3,0.965314785639445,0.9915702740351359,0.026255488395690918,0.26346513628959656,0.12986094256242117,0.13360419372717539
french-NF-1095,digital_1_vs_bonafide,3,3,0.9539561072985331,0.9906161427497864,0.03666003545125326,0.3029375374317169,0.1376927768190702,0.16524476061264673
french-NF-1095,digital_1_vs_digital_2,3,3,0.9580450256665548,0.9922585288683573,0.034213503201802574,0.2900272111097972,0.12518735975027084,0.1648398513595263
french-NF-1095,digital_2_vs_bonafide,3,3,0.9453500906626383,0.9884488979975382,0.0430988073348999,0.33094064394632977,0.15392290552457175,0.17701773842175803
french-NF-1110,digital_1_vs_bonafide,3,3,0.950559675693512,0.990613599618276,0.040053923924764,0.31375670433044434,0.136663186053435,0.17709351827700934
french-NF-1110,digital_1_vs_digital_2,3,3,0.9392884373664856,0.9880082011222839,0.04871976375579834,0.3468792736530304,0.15480841199556986,0.19207086165746054
french-NF-1110,digital_2_vs_bonafide,3,3,0.9594091971715292,0.9911973277727762,0.031788130601247154,0.2826421409845352,0.13218839218219122,0.150453748802344
french-NM-1070,digital_1_vs_bonafide,3,3,0.9693499008814493,0.9943944414456686,0.025044540564219158,0.24850845833619437,0.10896828770637512,0.13954017062981924
french-NM-1070,digital_1_vs_digital_2,3,3,0.9477091630299886,0.9900832374890646,0.04237407445907593,0.3228205144405365,0.14333936075369516,0.17948115368684134
french-NM-1070,digital_2_vs_bonafide,3,3,0.9630881945292155,0.9926943977673849,0.029606203238169353,0.26706527173519135,0.11833523958921432,0.14873003214597702
french-NM-1104,digital_1_vs_bonafide,3,3,0.9635387460390726,0.9923594196637472,0.02882067362467448,0.2701556086540222,0.12505071610212326,0.14510489255189896
french-NM-1104,digital_1_vs_digital_2,3,3,0.969677726427714,0.9943342208862305,0.024656494458516438,0.24557170271873474,0.1069461852312088,0.13862551748752594
french-NM-1104,digital_2_vs_bonafide,3,3,0.9538639783859253,0.9905875325202942,0.036723554134368896,0.30462486545244855,0.13839047650496164,0.16623438894748688
indian-012_03,digital_1_vs_bonafide,3,3,0.9803111553192139,0.9961550633112589,0.015843907992045086,0.1971320460240046,0.08899883429209392,0.1081332117319107
indian-012_03,digital_1_vs_digital_2,3,3,0.9307232896486918,0.9848870038986206,0.054163714249928795,0.37254101037979126,0.17612364888191223,0.19641736149787903
indian-012_03,digital_2_vs_bonafide,3,3,0.9291689395904541,0.9825246135393778,0.053355673948923744,0.3768301506837209,0.1891532838344574,0.18767686684926352
indian-037_03,digital_1_vs_bonafide,3,3,0.96160755554835,0.9913232525189718,0.029715696970621746,0.2789386808872223,0.13292104254166284,0.14601763834555945
indian-037_03,digital_1_vs_digital_2,3,3,0.9768001437187195,0.9951981902122498,0.018398046493530273,0.21437202394008636,0.09765733281771342,0.11671469112237294
indian-037_03,digital_2_vs_bonafide,3,3,0.9642047882080078,0.9909811615943909,0.026776373386383057,0.26785550514856976,0.13463214288155237,0.13322336226701736
indian-038_03,digital_1_vs_bonafide,3,3,0.9424007336298624,0.9824374119440714,0.040036678314208984,0.34044673045476276,0.18893988927205405,0.15150684118270874
indian-038_03,digital_1_vs_digital_2,3,3,0.9379431207974752,0.9848059813181559,0.04686286052068075,0.348699430624644,0.17370825012524924,0.17499118049939474
indian-038_03,digital_2_vs_bonafide,3,3,0.9158175388971964,0.9727592070897421,0.05694166819254557,0.39842121799786884,0.22405907015005747,0.17436214784781137
indian-094_03,digital_1_vs_bonafide,3,3,0.953972339630127,0.9893927971522013,0.03542045752207438,0.2986537019411723,0.14576751987139383,0.15288618206977844
indian-094_03,digital_1_vs_digital_2,3,3,0.9341781934102377,0.9866976539293925,0.05251946051915487,0.3626762231190999,0.16966680685679117,0.19300941626230875
indian-094_03,digital_2_vs_bonafide,3,3,0.8917664090792338,0.9742603898048401,0.08249398072560628,0.4579907953739166,0.22550804416338602,0.2324827512105306
indian-108_03,digital_1_vs_bonafide,3,3,0.9782180587450663,0.9959144393603007,0.017696380615234375,0.20718881984551749,0.09034968664248784,0.11683913320302963
indian-108_03,digital_1_vs_digital_2,3,3,0.9611122806866964,0.9908652106920878,0.029752930005391438,0.2782212793827057,0.13690152267615,0.1413197567065557
indian-108_03,digital_2_vs_bonafide,3,3,0.9520048499107361,0.9896329442660013,0.0376280943552653,0.310287485520045,0.14718457063039145,0.16310291488965353
indian-NF-1006,digital_1_vs_bonafide,3,3,0.9595865408579508,0.9892017046610514,0.029615163803100586,0.2839223841826121,0.14679027100404105,0.13713211317857107
indian-NF-1006,digital_1_vs_digital_2,3,3,0.9576107462247213,0.9898293813069662,0.03221863508224487,0.2914823293685913,0.14443265398343405,0.14704967538515726
indian-NF-1006,digital_2_vs_bonafide,3,3,0.9805561701456705,0.9961065252621969,0.015550355116526285,0.1969577819108963,0.08980414023001988,0.10715364168087642
indian-NF-1025,digital_1_vs_bonafide,3,3,0.9680645068486532,0.9931714137395223,0.02510690689086914,0.24861507614453635,0.11577561994393666,0.13283945620059967
indian-NF-1025,digital_1_vs_digital_2,3,3,0.9156816999117533,0.9796111186345419,0.0639294187227885,0.4079381227493286,0.20222669591506323,0.20571142683426538
indian-NF-1025,digital_2_vs_bonafide,3,3,0.9182581106821696,0.979383627573649,0.06112551689147949,0.3949173192183177,0.20132659872372946,0.19359072049458823
indian-NF-1039,digital_1_vs_bonafide,3,3,0.9529763658841451,0.988650898138682,0.03567453225453695,0.3095964888731639,0.15658693512280783,0.15300955375035605
indian-NF-1039,digital_1_vs_digital_2,3,3,0.9492838184038798,0.9871534506479899,0.03786963224411011,0.3209821383158366,0.1644830753405889,0.1564990629752477
indian-NF-1039,digital_2_vs_bonafide,3,3,0.9856363534927368,0.9971012075742086,0.011464854081471762,0.16990965604782104,0.07731202741463979,0.09259762863318126
indian-NF-1075,digital_1_vs_bonafide,3,3,0.9684088627497355,0.9933358033498129,0.024926940600077312,0.25313952068487805,0.11823532233635585,0.1349041983485222
indian-NF-1075,digital_1_vs_digital_2,3,3,0.9319356481234232,0.9827792247136434,0.05084357659022013,0.36864439646402997,0.18897041181723276,0.17967398464679718
indian-NF-1075,digital_2_vs_bonafide,3,3,0.9404312968254089,0.9863358934720358,0.04590459664662679,0.3406393031279246,0.1692748119433721,0.17136449118455252
indian-NF-1096,digital_1_vs_bonafide,3,3,0.9415684541066488,0.9867926836013794,0.04522422949473063,0.344151775042216,0.16504472494125366,0.1791070501009623
indian-NF-1096,digital_1_vs_digital_2,3,3,0.9162280758221945,0.9789219498634338,0.06269387404123943,0.4109559853871663,0.21089493234952292,0.20006105303764343
indian-NF-1096,digital_2_vs_bonafide,3,3,0.8806365529696146,0.9665411313374838,0.08590457836786906,0.4971610903739929,0.27241186300913495,0.224749227364858
indian-NM-1058,digital_1_vs_bonafide,3,3,0.9596481720606486,0.9899834791819254,0.030335307121276855,0.2847394247849782,0.14090723047653833,0.14383219430843988
indian-NM-1058,digital_1_vs_digital_2,3,3,0.9480836192766825,0.9872256318728129,0.03914201259613037,0.3225127309560776,0.16058346380790076,0.16192926714817682
indian-NM-1058,digital_2_vs_bonafide,3,3,0.964102586110433,0.9916837612787882,0.027581175168355305,0.2666829029719035,0.12762061258157095,0.13906229039033255
persian-010_03,digital_1_vs_bonafide,3,3,0.9887853662172953,0.9978900750478109,0.009104708830515543,0.14989687005678812,0.06613721698522568,0.08375965307156245
persian-010_03,digital_1_vs_digital_2,3,3,0.9836488366127014,0.9965058962504069,0.012857059637705484,0.18165433903535208,0.0870218575000763,0.09463248153527577
persian-010_03,digital_2_vs_bonafide,3,3,0.9847051302591959,0.9964677691459656,0.011762638886769613,0.1767746259768804,0.08789163827896118,0.0888829876979192
persian-045_03,digital_1_vs_bonafide,3,3,0.9822282195091248,0.996544619401296,0.014316399892171225,0.18863633771737418,0.08346881469090779,0.10516752302646637
persian-045_03,digital_1_vs_digital_2,3,3,0.9829884568850199,0.9967489441235861,0.01376048723856608,0.18409078816572824,0.08045788357655208,0.10363290458917618
persian-045_03,digital_2_vs_bonafide,3,3,0.9843271970748901,0.9968822399775187,0.01255504290262858,0.1770964115858078,0.0799244890610377,0.0971719225247701
persian-069_03,digital_1_vs_bonafide,3,3,0.9781207243601481,0.9954661130905151,0.017345388730367024,0.20814843475818634,0.09589392940203349,0.11225450535615285
persian-069_03,digital_1_vs_digital_2,3,3,0.9855575362841288,0.9971385796864828,0.011581043402353922,0.16962123413880667,0.07570500920216243,0.09391622493664424
persian-069_03,digital_2_vs_bonafide,3,3,0.9856429298718771,0.996780792872111,0.011137863000233969,0.16950203975041708,0.08070725450913112,0.08879478524128596
persian-087_03,digital_1_vs_bonafide,3,3,0.9853508671124777,0.9968111117680868,0.01146024465560913,0.17099130153656006,0.08037654558817546,0.0906147559483846
persian-087_03,digital_1_vs_digital_2,3,3,0.9852793415387472,0.9967320362726847,0.011452694733937582,0.17180260519186655,0.08168945709864299,0.09011314809322357
persian-087_03,digital_2_vs_bonafide,3,3,0.9893969694773356,0.9976773659388224,0.008280396461486816,0.1452165792385737,0.06788108746210735,0.07733549177646637
persian-122_03,digital_1_vs_bonafide,3,3,0.9790235161781311,0.9952698747316996,0.016246358553568523,0.20434657235940298,0.09707459559043248,0.10727197676897049
persian-122_03,digital_1_vs_digital_2,3,3,0.9771403471628824,0.9948315024375916,0.017691155274709065,0.21512975295384726,0.10501502205928166,0.11011473089456558
persian-122_03,digital_2_vs_bonafide,3,3,0.9883352120717367,0.9974071979522705,0.009071985880533854,0.1533432900905609,0.075286070505778,0.07805721958478291
persian-NF-1001,digital_1_vs_bonafide,3,3,0.9732664823532104,0.9948870142300924,0.021620531876881916,0.2292166550954183,0.10070094962914784,0.12851570546627045
persian-NF-1001,digital_1_vs_digital_2,3,3,0.9711307485898336,0.9943192998568217,0.023188551266988117,0.2393482526143392,0.10667400062084198,0.13267425199349722
persian-NF-1001,digital_2_vs_bonafide,3,3,0.9839547475179037,0.99709419409434,0.013139446576436361,0.1773489365975062,0.07595015565554301,0.1013987809419632
persian-NF-1031,digital_1_vs_bonafide,3,3,0.9807886282602946,0.9959662556648254,0.015177627404530844,0.19420801103115082,0.08948894341786702,0.1047190676132838
persian-NF-1031,digital_1_vs_digital_2,3,3,0.9769491950670878,0.9948482910792033,0.01789909601211548,0.21342204014460245,0.1018325537443161,0.11158948640028636
persian-NF-1031,digital_2_vs_bonafide,3,3,0.9860765337944031,0.9974520603815714,0.011375526587168375,0.1668471246957779,0.07221328467130661,0.09463384002447128
persian-NF-1034,digital_1_vs_bonafide,3,3,0.9725732008616129,0.9941673477490743,0.021594146887461346,0.2343337138493856,0.1086420143644015,0.12569169948498407
persian-NF-1034,digital_1_vs_digital_2,3,3,0.9697834650675455,0.9938626289367676,0.024079163869222004,0.24528769652048746,0.11108240236838658,0.1342052941521009
persian-NF-1034,digital_2_vs_bonafide,3,3,0.984415590763092,0.9967295924822489,0.0123140017191569,0.1764169285694758,0.08357048034667969,0.09284644822279613
persian-NF-1043,digital_1_vs_bonafide,3,3,0.9748162825902303,0.9949534138043722,0.020137131214141846,0.22499240934848785,0.10399020959933598,0.12100219974915187
persian-NF-1043,digital_1_vs_digital_2,3,3,0.971345325311025,0.9938884377479553,0.02254311243693034,0.239781121412913,0.11360446612040202,0.126176655292511
persian-NF-1043,digital_2_vs_bonafide,3,3,0.9838612278302511,0.9969392021497091,0.013077974319458008,0.17980624238650003,0.07882371544837952,0.10098252693812053
persian-NF-1079,digital_1_vs_bonafide,3,3,0.9786103765169779,0.9956164956092834,0.0170061190923055,0.2077033966779709,0.0988764117161433,0.10882698496182759
persian-NF-1079,digital_1_vs_digital_2,3,3,0.9874974489212036,0.9976771275202433,0.010179678599039713,0.15820486346880594,0.06902136653661728,0.08918349693218867
persian-NF-1079,digital_2_vs_bonafide,3,3,0.9818394978841146,0.9962073167165121,0.014367818832397461,0.19097162783145905,0.09259563436110814,0.0983759934703509
persian-NF-1108,digital_1_vs_bonafide,3,3,0.9826077620188395,0.9963531295458475,0.013745367527008057,0.1863395075003306,0.08528175204992294,0.10105775545040767
persian-NF-1108,digital_1_vs_digital_2,3,3,0.9791610836982727,0.9956469138463339,0.016485830148061115,0.2041013091802597,0.09304912636677425,0.11105218281348546
persian-NF-1108,digital_2_vs_bonafide,3,3,0.9879046281178793,0.9973070820172628,0.009402453899383545,0.15542044242223105,0.07322300722201665,0.08219743520021439
persian-NM-1010,digital_1_vs_bonafide,3,3,0.9765601754188538,0.9953047434488932,0.01874456803003947,0.216515784462293,0.09694468230009079,0.1195711021622022
persian-NM-1010,digital_1_vs_digital_2,3,3,0.976752519607544,0.995556910832723,0.018804391225179035,0.21524656315644583,0.09481585025787354,0.12043071289857228
persian-NM-1010,digital_2_vs_bonafide,3,3,0.9743332862854004,0.99452805519104,0.02019476890563965,0.22660457591215769,0.10587185869614284,0.12073271721601486
persian-NM-1074,digital_1_vs_bonafide,3,3,0.9746697147687277,0.9944259325663248,0.019756217797597248,0.22638275722662607,0.10911071052153905,0.11727204670508702
persian-NM-1074,digital_1_vs_digital_2,3,3,0.9750931859016418,0.9952085812886556,0.020115395387013752,0.22295848528544107,0.09861728549003601,0.12434119979540507
persian-NM-1074,digital_2_vs_bonafide,3,3,0.973893940448761,0.9941414992014567,0.02024755875269572,0.22766303022702536,0.10929482678572337,0.11836820344130199
portugal-004_03,digital_1_vs_bonafide,3,3,0.9857434034347534,0.9970329205195109,0.011289517084757486,0.16904070476690927,0.0774993970990181,0.09154130766789119
portugal-004_03,digital_1_vs_digital_2,3,3,0.9893559217453003,0.9980556964874268,0.008699774742126465,0.14605901141961417,0.06306199977795283,0.08299701164166133
portugal-004_03,digital_2_vs_bonafide,3,3,0.989605446656545,0.9977894822756449,0.008184035619099935,0.1441956708828608,0.06691645955046018,0.07727921133240064
portugal-026_03,digital_1_vs_bonafide,3,3,0.9801471630732218,0.9959842562675476,0.015837093194325764,0.19922343889872232,0.09090709189573924,0.1083163470029831
portugal-026_03,digital_1_vs_digital_2,3,3,0.9846491813659668,0.9968355894088745,0.012186408042907715,0.17542911072572073,0.08259973426659901,0.0928293764591217
portugal-026_03,digital_2_vs_bonafide,3,3,0.9843269189198812,0.9968264500300089,0.012499531110127768,0.1771785964568456,0.08036821832259496,0.09681037813425064
portugal-042_03,digital_1_vs_bonafide,3,3,0.9441865086555481,0.9853248000144958,0.041138291358947754,0.3341781497001648,0.1707575966914495,0.1634205530087153
portugal-042_03,digital_1_vs_digital_2,3,3,0.924332857131958,0.9814966122309366,0.057163755098978676,0.3890298306941986,0.19195565581321716,0.19707417488098145
portugal-042_03,digital_2_vs_bonafide,3,3,0.9549566706021627,0.9890170296033224,0.03406035900115967,0.29756246507167816,0.14975331475337347,0.1478091503183047
portugal-061_03,digital_1_vs_bonafide,3,3,0.9609242876370748,0.9906864166259766,0.029762128988901775,0.28471208612124127,0.1444408893585205,0.14027119676272073
portugal-061_03,digital_1_vs_digital_2,3,3,0.9670461416244507,0.9923068881034851,0.025260746479034424,0.2576637963453929,0.12527697533369064,0.1323868210117022
portugal-061_03,digital_2_vs_bonafide,3,3,0.98201851050059,0.99580317735672,0.013784666856129965,0.19116649528344473,0.09558523694674174,0.09558125833670299
portugal-066_03,digital_1_vs_bonafide,3,3,0.9828316569328308,0.9966994524002075,0.013867795467376709,0.18584497769673666,0.0827248493830363,0.10312012831370036
portugal-066_03,digital_1_vs_digital_2,3,3,0.972767194112142,0.9938447872797648,0.021077593167622883,0.23371805250644684,0.11229639252026875,0.12142165998617808
portugal-066_03,digital_2_vs_bonafide,3,3,0.9872081279754639,0.9975850383440653,0.01037691036860148,0.15901213387648264,0.06947052975495656,0.08954160412152608
portugal-070_03,digital_1_vs_bonafide,3,3,0.9814820488293966,0.9963454008102417,0.014863351980845133,0.19225319723288217,0.08587800711393356,0.10637519011894862
portugal-070_03,digital_1_vs_digital_2,3,3,0.9809618989626566,0.9962519208590189,0.015290021896362305,0.1957430342833201,0.08732867489258449,0.10841435939073563
portugal-070_03,digital_2_vs_bonafide,3,3,0.9816267093022665,0.9959813157717387,0.01435460646947225,0.19202273587385812,0.08960159619649251,0.10242113967736562
portugal-105_03,digital_1_vs_bonafide,3,3,0.9799996217091879,0.9958648085594177,0.0158651868502299,0.19942442079385123,0.09283047666152318,0.10659394413232803
portugal-105_03,digital_1_vs_digital_2,3,3,0.9878016114234924,0.99776291847229,0.009961307048797607,0.15621482332547507,0.06696188698212306,0.089252936343352
portugal-105_03,digital_2_vs_bonafide,3,3,0.9832345445950826,0.9965157906214396,0.013281246026357016,0.18284627298514047,0.08518738051255544,0.09765889247258504
portugal-125_03,digital_1_vs_bonafide,3,3,0.9804870088895162,0.9962122440338135,0.015725235144297283,0.1977434903383255,0.08857725809017818,0.10916623224814732
portugal-125_03,digital_1_vs_digital_2,3,3,0.9764015674591064,0.9952865640322367,0.01888499657313029,0.2174128293991089,0.09721291561921437,0.12019991377989452
portugal-125_03,digital_2_vs_bonafide,3,3,0.9878311554590861,0.9975481430689493,0.009716987609863281,0.15623695154984793,0.07105102514227231,0.08518592640757561
portugal-143_03,digital_1_vs_bonafide,3,3,0.9764277935028076,0.9948267936706543,0.01839900016784668,0.21703868607680002,0.10206443319718043,0.1149742528796196
portugal-143_03,digital_1_vs_digital_2,3,3,0.9776270985603333,0.9955607851346334,0.01793368657430013,0.2122605244318644,0.09590074419975281,0.11635978023211162
portugal-143_03,digital_2_vs_bonafide,3,3,0.9754089713096619,0.9946664174397787,0.01925744613011678,0.22129238645235697,0.10379024098316829,0.11750214546918869
portugal-172_03,digital_1_vs_bonafide,3,3,0.9814727703730265,0.9962897499402364,0.014816979567209879,0.19248407085736594,0.08842554440100987,0.10405852645635605
portugal-172_03,digital_1_vs_digital_2,3,3,0.9889713327089945,0.9980177084604899,0.009046375751495361,0.14842169483502707,0.06323753048976262,0.08518416434526443
portugal-172_03,digital_2_vs_bonafide,3,3,0.9872047503789266,0.9973985354105631,0.010193785031636557,0.15959568321704865,0.07308979332447052,0.08650588989257812
portugal-NF-1016,digital_1_vs_bonafide,3,3,0.9779582023620605,0.9956989089647929,0.01774070660273234,0.21042829751968384,0.09562917550404866,0.11479912201563518
portugal-NF-1016,digital_1_vs_digital_2,3,3,0.9763786196708679,0.994738777478536,0.01836015780766805,0.21701044837633768,0.10267957796653111,0.11433087040980656
portugal-NF-1016,digital_2_vs_bonafide,3,3,0.9829742908477783,0.9965732097625732,0.013598918914794922,0.18574856718381247,0.0875847761829694,0.09816379100084305
portugal-NF-1022,digital_1_vs_bonafide,3,3,0.982423722743988,0.9962580998738607,0.01383437712987264,0.18771260480086008,0.08787992099920909,0.099832683801651
portugal-NF-1022,digital_1_vs_digital_2,3,3,0.9809752702713013,0.9956746101379395,0.014699339866638184,0.1950657864411672,0.09334696332613628,0.10171882311503093
portugal-NF-1022,digital_2_vs_bonafide,3,3,0.9865351915359497,0.9971841971079508,0.010649005572001139,0.16401618719100952,0.07509458065032959,0.08892160654067993
portugal-NF-1024,digital_1_vs_bonafide,3,3,0.9766741792360941,0.994894544283549,0.018220365047454834,0.21631409227848053,0.10264366616805394,0.11367042611042659
portugal-NF-1024,digital_1_vs_digital_2,3,3,0.9769482016563416,0.9952465097109476,0.01829830805460612,0.21454506615797678,0.0981065755089124,0.11643849064906438
portugal-NF-1024,digital_2_vs_bonafide,3,3,0.9877488811810812,0.9977482755978903,0.009999394416809082,0.15674452483654022,0.06796348964174588,0.08878103519479434
portugal-NF-1026,digital_1_vs_bonafide,3,3,0.978481113910675,0.995510478814443,0.017029364903767902,0.2055791566769282,0.09331179906924565,0.11226735760768254
portugal-NF-1026,digital_1_vs_digital_2,3,3,0.9835636417071024,0.9967580437660217,0.013194402058919271,0.18208089967568716,0.08286901066700618,0.09921188900868098
portugal-NF-1026,digital_2_vs_bonafide,3,3,0.9790558020273844,0.9956053495407104,0.016549547513326008,0.2052562733491262,0.0963070144255956,0.10894925892353058
portugal-NF-1041,digital_1_vs_bonafide,3,3,0.9816725651423136,0.9963922301928202,0.014719665050506592,0.1913258582353592,0.08464084317286809,0.1066850150624911
portugal-NF-1041,digital_1_vs_digital_2,3,3,0.9718855619430542,0.9939454595247904,0.022059897581736248,0.2370669941107432,0.10981080929438274,0.12725618481636047
portugal-NF-1041,digital_2_vs_bonafide,3,3,0.9858609636624655,0.9973620772361755,0.011501113573710123,0.16759629547595978,0.0724770153562228,0.09511928011973698
portugal-NF-1083,digital_1_vs_bonafide,3,3,0.9667520721753439,0.9936303098996481,0.0268782377243042,0.2586502681175868,0.11419096837441127,0.1444592997431755
portugal-NF-1083,digital_1_vs_digital_2,3,3,0.9577223459879557,0.9910973509152731,0.0333750049273173,0.2907208204269409,0.13429027299086252,0.1564305474360784
portugal-NF-1083,digital_2_vs_bonafide,3,3,0.977791448434194,0.9949483871459961,0.017156938711802166,0.20345624287923178,0.09729951495925586,0.10615672791997592
portugal-NF-1086,digital_1_vs_bonafide,3,3,0.97627721230189,0.9951131939888,0.018835981686909992,0.21894779801368713,0.10115116089582443,0.1177966371178627
portugal-NF-1086,digital_1_vs_digital_2,3,3,0.9772801796595255,0.9953431884447733,0.018063008785247803,0.21534294883410135,0.10007186979055405,0.11527107904354732
portugal-NF-1086,digital_2_vs_bonafide,3,3,0.9849990804990133,0.9968386093775431,0.011839528878529867,0.17310293018817902,0.07961772133906682,0.0934852088491122
portugal-NF-1105,digital_1_vs_bonafide,3,3,0.9742724498112997,0.9948827425638834,0.02061029275258382,0.22734110554059347,0.10237999260425568,0.12496111293633778
portugal-NF-1105,digital_1_vs_digital_2,3,3,0.972244918346405,0.994448741277059,0.02220382293065389,0.23605723679065704,0.10615343848864238,0.12990379830201468
portugal-NF-1105,digital_2_vs_bonafide,3,3,0.9811619917551676,0.9962567687034607,0.01509477694829305,0.19388089577356973,0.0871059646209081,0.10677493115266164
portugal-NF-1107,digital_1_vs_bonafide,3,3,0.9656027356783549,0.9917622407277426,0.026159505049387615,0.2612866163253784,0.12846528242031732,0.1328213339050611
portugal-NF-1107,digital_1_vs_digital_2,3,3,0.9632208744684855,0.992700477441152,0.029479602972666424,0.270459309220314,0.12177982429663341,0.14867948492368063
portugal-NF-1107,digital_2_vs_bonafide,3,3,0.9728075861930847,0.9945453604062399,0.02173777421315511,0.2329744150241216,0.10483412196238835,0.12814029306173325
portugal-NM-1091,digital_1_vs_bonafide,3,3,0.9449166655540466,0.9852840503056844,0.04036738475163778,0.33249757687250775,0.17182929813861847,0.16066827873388925
portugal-NM-1091,digital_1_vs_digital_2,3,3,0.9679670532544454,0.9924664696057638,0.02449941635131836,0.2530192981163661,0.12313474466403325,0.12988455345233282
portugal-NM-1091,digital_2_vs_bonafide,3,3,0.9747293591499329,0.9946841796239217,0.01995482047398885,0.22398110230763754,0.10289694120486577,0.12108416110277176
portugal-NM-1102,digital_1_vs_bonafide,3,3,0.9735982219378153,0.9941651622454325,0.020566940307617188,0.2308468222618103,0.1109083245197932,0.1199384977420171
portugal-NM-1102,digital_1_vs_digital_2,3,3,0.978124181429545,0.9957965413729349,0.017672359943389893,0.21161447962125143,0.0964291940132777,0.11518528560797374
portugal-NM-1102,digital_2_vs_bonafide,3,3,0.9743480086326599,0.9943887193997701,0.020040710767110188,0.2225294957558314,0.1039544219772021,0.1185750737786293
russian-002_03,digital_1_vs_bonafide,3,3,0.9802495241165161,0.9961615006128947,0.015911976496378582,0.19853491087754568,0.08826724688212077,0.11026766399542491
russian-002_03,digital_1_vs_digital_2,3,3,0.9822559952735901,0.9963029026985168,0.014046907424926758,0.1881198287010193,0.08675217131773631,0.10136765738328297
russian-002_03,digital_2_vs_bonafide,3,3,0.9884530504544576,0.9978762865066528,0.00942323605219523,0.15149110555648804,0.06536165128151576,0.08612945427497228
russian-027_03,digital_1_vs_bonafide,3,3,0.9895726641019186,0.9978009064992269,0.00822824239730835,0.14433651665846506,0.06670574595530827,0.07763077070315678
russian-027_03,digital_1_vs_digital_2,3,3,0.9890840450922648,0.9977955420811971,0.008711496988932291,0.14799618224302927,0.06722649683554967,0.0807696854074796
russian-027_03,digital_2_vs_bonafide,3,3,0.9894311428070068,0.9979138771692911,0.008482734362284342,0.14462743202845255,0.0647585578262806,0.07986887420217197
russian-082_03,digital_1_vs_bonafide,3,3,0.9771271149317423,0.995178739229838,0.018051624298095703,0.2128953536351522,0.09790294369061787,0.1149924099445343
russian-082_03,digital_1_vs_digital_2,3,3,0.9816039005915324,0.9963783025741577,0.014774401982625326,0.19104257225990295,0.08613231778144836,0.10491025447845459
russian-082_03,digital_2_vs_bonafide,3,3,0.9761625329653422,0.9945509433746338,0.018388410409291584,0.21706676483154297,0.10542334616184235,0.11164341866970062
russian-123_03,digital_1_vs_bonafide,3,3,0.9881113171577454,0.9978046814600626,0.0096933643023173,0.153282900651296,0.06606209029754002,0.08722081035375595
russian-123_03,digital_1_vs_digital_2,3,3,0.9915213783582052,0.9983246922492981,0.0068033138910929365,0.12963971743981043,0.05769053101539612,0.07194918642441432
russian-123_03,digital_2_vs_bonafide,3,3,0.9901385505994161,0.9980635245641073,0.007924973964691162,0.14035329222679138,0.06237034872174263,0.07798294350504875
russian-140_03,digital_1_vs_bonafide,3,3,0.973575492699941,0.9949030677477518,0.02132757504781087,0.22815312445163727,0.10046545664469402,0.12768766780694327
russian-140_03,digital_1_vs_digital_2,3,3,0.9856585661570231,0.9972923000653585,0.011633733908335367,0.16929545005162558,0.07493917644023895,0.09435627361138661
russian-140_03,digital_2_vs_bonafide,3,3,0.9800073703130087,0.9957583546638489,0.015750984350840252,0.1955430954694748,0.08965635299682617,0.10588674247264862
russian-141_03,digital_1_vs_bonafide,3,3,0.9913753072420756,0.9981402556101481,0.00676494836807251,0.13126388688882193,0.060960245629151665,0.07030364125967026
russian-141_03,digital_1_vs_digital_2,3,3,0.9941251476605734,0.9988683859507242,0.00474323829015096,0.10781849920749664,0.046913481007019676,0.06090501820047697
russian-141_03,digital_2_vs_bonafide,3,3,0.9941338698069254,0.9989129106203715,0.004779040813446045,0.10803008327881496,0.04630893965562185,0.06172114362319311
russian-NF-1013,digital_1_vs_bonafide,3,3,0.9790065884590149,0.9958232442537943,0.01681665579477946,0.2049823502699534,0.09175894409418106,0.11322340617577235
russian-NF-1013,digital_1_vs_digital_2,3,3,0.9775100549062093,0.9951364398002625,0.017626384894053142,0.21231062213579813,0.09892744819323222,0.11338317394256592
russian-NF-1013,digital_2_vs_bonafide,3,3,0.9885643124580383,0.9977785150210062,0.009214202562967936,0.15103130539258322,0.06724600245555241,0.08378530293703079
russian-NF-1028,digital_1_vs_bonafide,3,3,0.9807941913604736,0.9954980810483297,0.014703889687856039,0.19608668982982635,0.09548178066809972,0.10060490916172664
russian-NF-1028,digital_1_vs_digital_2,3,3,0.988241970539093,0.9980255166689554,0.009783546129862467,0.15360859533150992,0.06295201182365417,0.09065658350785573
russian-NF-1028,digital_2_vs_bonafide,3,3,0.9849871397018433,0.9966257611910502,0.01163862148920695,0.17234061658382416,0.08252449830373128,0.08981611828009288
russian-NF-1069,digital_1_vs_bonafide,3,3,0.9493107398351034,0.9894499977429708,0.04013925790786743,0.3204168677330017,0.14943593243757883,0.17098093529542288
russian-NF-1069,digital_1_vs_digital_2,3,3,0.9504347642262777,0.9897819757461548,0.039347211519877114,0.31596322854359943,0.14582423865795135,0.1701389898856481
russian-NF-1069,digital_2_vs_bonafide,3,3,0.9786927302678426,0.9961276253064474,0.017434895038604736,0.2062949687242508,0.0889061838388443,0.1173887848854065
russian-NF-1080,digital_1_vs_bonafide,3,3,0.9814579884211222,0.9953380823135376,0.013880093892415365,0.19260327021280924,0.09702518582344055,0.0955780843893687
russian-NF-1080,digital_1_vs_digital_2,3,3,0.9796989758809408,0.9954235951105753,0.0157246192296346,0.2012403060992559,0.09576680014530818,0.10547350595394771
russian-NF-1080,digital_2_vs_bonafide,3,3,0.9825771848360697,0.9957999587059021,0.013222773869832357,0.18680291374524435,0.09297589461008708,0.09382701913515727
russian-NF-1081,digital_1_vs_bonafide,3,3,0.9820853670438131,0.9963611563046774,0.014275789260864258,0.18945372104644775,0.08614047368367513,0.10331324736277263
russian-NF-1081,digital_1_vs_digital_2,3,3,0.9749197959899902,0.9946219722429911,0.019702176253000896,0.2240137904882431,0.10408169031143188,0.11993210017681122
russian-NF-1081,digital_2_vs_bonafide,3,3,0.9849364956219991,0.9967111349105835,0.01177463928858439,0.17250500122706094,0.08262605095903079,0.08987895026803017
russian-NM-1027,digital_1_vs_bonafide,3,3,0.9784329334894816,0.99516894419988,0.016736010710398357,0.20794451733430228,0.1004374697804451,0.10750704755385716
russian-NM-1027,digital_1_vs_digital_2,3,3,0.9612071712811788,0.9910624027252197,0.029855231444040935,0.27869611978530884,0.13667754083871841,0.14201857894659042
russian-NM-1027,digital_2_vs_bonafide,3,3,0.9773454070091248,0.9952505230903625,0.017905116081237793,0.21109404663244882,0.09687791019678116,0.11421613643566768
turkiye-008_03,digital_1_vs_bonafide,3,3,0.9635677735010783,0.9916096329689026,0.0280418594678243,0.27067629992961884,0.12957825511693954,0.1410980448126793
turkiye-008_03,digital_1_vs_digital_2,3,3,0.9668588439623514,0.9922516147295634,0.025392770767211914,0.258487602074941,0.12440507610638936,0.13408252596855164
turkiye-008_03,digital_2_vs_bonafide,3,3,0.9801697333653768,0.9958104689915975,0.015640735626220703,0.19817832112312317,0.09114572654167812,0.10703259458144505
turkiye-031_03,digital_1_vs_bonafide,3,3,0.9495969613393148,0.9881460666656494,0.03854910532633463,0.31624194979667664,0.15437384446461996,0.16186810533205667
turkiye-031_03,digital_1_vs_digital_2,3,3,0.9677641987800598,0.9920360445976257,0.024271845817565918,0.25551357865333557,0.1286339064439138,0.12687967220942178
turkiye-031_03,digital_2_vs_bonafide,3,3,0.9282812078793844,0.9822601477305094,0.053978939851125084,0.37238184611002606,0.1836505780617396,0.18873126804828644
turkiye-036_03,digital_1_vs_bonafide,3,3,0.9742500384648641,0.9935247898101807,0.01927475134531657,0.2267179936170578,0.11421092102924983,0.11250707258780797
turkiye-036_03,digital_1_vs_digital_2,3,3,0.9781776666641235,0.9953397909800211,0.017162124315897625,0.2089382161696752,0.09696680307388306,0.11197141309579213
turkiye-036_03,digital_2_vs_bonafide,3,3,0.9747088551521301,0.9938899676005045,0.01918111244837443,0.2246131350596746,0.11037128667036693,0.11424184838930766
turkiye-041_03,digital_1_vs_bonafide,3,3,0.9722304940223694,0.9929703672726949,0.02073987325032552,0.23361965517203012,0.11792974670728047,0.11568990846474965
turkiye-041_03,digital_1_vs_digital_2,3,3,0.9900470574696859,0.9979234337806702,0.007876376310984293,0.14080730577309927,0.06451431165138881,0.07629299412171046
turkiye-041_03,digital_2_vs_bonafide,3,3,0.9718938867251078,0.9927715261777242,0.020877639452616375,0.23557703693707785,0.12043156226476033,0.1151454746723175
turkiye-083_03,digital_1_vs_bonafide,3,3,0.98015296459198,0.995322565237681,0.01516960064570109,0.20003493626912436,0.09814113626877467,0.10189380000034969
turkiye-083_03,digital_1_vs_digital_2,3,3,0.9750270843505859,0.9940955837567648,0.01906849940617879,0.2239695539077123,0.10945693651835124,0.11451261738936107
turkiye-083_03,digital_2_vs_bonafide,3,3,0.9710637728373209,0.9928310116132101,0.02176723877588908,0.23967389265696207,0.12033450603485107,0.11933938662211101
turkiye-086_03,digital_1_vs_bonafide,3,3,0.9836013317108154,0.9965799848238627,0.012978653113047281,0.1817146490017573,0.08391240487496059,0.09780224412679672
turkiye-086_03,digital_1_vs_digital_2,3,3,0.9850108424822489,0.9968903263409933,0.011879483858744303,0.1733894646167755,0.0807286227742831,0.09266084184249242
turkiye-086_03,digital_2_vs_bonafide,3,3,0.9809893170992533,0.9958904385566711,0.014901121457417807,0.19321252405643463,0.09017835309108098,0.10303417096535365
turkiye-092_03,digital_1_vs_bonafide,3,3,0.9696657061576843,0.992852787176768,0.02318708101908366,0.24655996759732565,0.11994090179602306,0.12661906580130258
turkiye-092_03,digital_1_vs_digital_2,3,3,0.974403182665507,0.9947515328725179,0.020348350207010906,0.2272006869316101,0.10379170129696529,0.12340898563464482
turkiye-092_03,digital_2_vs_bonafide,3,3,0.9733770688374838,0.994269053141276,0.020891984303792317,0.22827433049678802,0.10636192560195923,0.1219124048948288
turkiye-121_03,digital_1_vs_bonafide,3,3,0.9457940260569254,0.9859885772069296,0.04019455115000407,0.33091933528582257,0.17134231825669607,0.1595770170291265
turkiye-121_03,digital_1_vs_digital_2,3,3,0.9803637464841207,0.9958115617434183,0.01544781525929769,0.19832579294840494,0.09250323226054509,0.10582256068785985
turkiye-121_03,digital_2_vs_bonafide,3,3,0.939213236172994,0.9829580386479696,0.043744802474975586,0.3489722013473511,0.18550976117451987,0.1634624401728312
turkiye-126_03,digital_1_vs_bonafide,3,3,0.9273542761802673,0.9816300272941589,0.0542757511138916,0.3900226950645447,0.20245147744814554,0.18757121761639914
turkiye-126_03,digital_1_vs_digital_2,3,3,0.9646695653597513,0.9926990270614624,0.028029461701711018,0.2636838008960088,0.11998983720938365,0.14369396368662515
turkiye-126_03,digital_2_vs_bonafide,3,3,0.9216301043828329,0.9812819361686707,0.05965183178583781,0.40229737758636475,0.2041956434647242,0.19810173412164053
turkiye-127_03,digital_1_vs_bonafide,3,3,0.970117966334025,0.9931760231653849,0.023058056831359863,0.2410477101802826,0.1149781843026479,0.12606952587763467
turkiye-127_03,digital_1_vs_digital_2,3,3,0.9771779576937357,0.9950967232386271,0.017918765544891357,0.21553083260854086,0.1025635227560997,0.11296730985244115
turkiye-127_03,digital_2_vs_bonafide,3,3,0.9690369367599487,0.993340531984965,0.024303595225016277,0.24896798034509024,0.1172650009393692,0.13170297940572104
turkiye-129_03,digital_1_vs_bonafide,3,3,0.9618232647577921,0.9900028904279073,0.028179625670115154,0.2754628111918767,0.1412922441959381,0.13417056699593863
turkiye-129_03,digital_1_vs_digital_2,3,3,0.9823195338249207,0.9965197841326395,0.014200250307718912,0.18801643947760263,0.08418532957633336,0.10383110990126927
turkiye-129_03,digital_2_vs_bonafide,3,3,0.9588814775149027,0.9893985191980997,0.03051704168319702,0.2832227597633998,0.14380518098672232,0.13941757877667746
turkiye-130_03,digital_1_vs_bonafide,3,3,0.9784937898317972,0.9948243300120035,0.0163305401802063,0.20787113904953003,0.10366402318080266,0.10420711586872737
turkiye-130_03,digital_1_vs_digital_2,3,3,0.9897039532661438,0.9978315432866415,0.00812759002049764,0.14322645962238312,0.06642447660366695,0.07680198301871617
turkiye-130_03,digital_2_vs_bonafide,3,3,0.9802039861679077,0.9953358968098959,0.015131910641988119,0.19866609573364258,0.09731510281562805,0.10135099291801453
turkiye-138_03,digital_1_vs_bonafide,3,3,0.9819375475247701,0.9961811105410258,0.014243563016255697,0.1896229237318039,0.08748431255420049,0.10213861117760341
turkiye-138_03,digital_1_vs_digital_2,3,3,0.9874632358551025,0.9975910186767578,0.010127782821655273,0.158911794424057,0.07113804171482722,0.08777375270922978
turkiye-138_03,digital_2_vs_bonafide,3,3,0.9798219601313273,0.9955037434895834,0.015681783358256023,0.20142882565657297,0.09609780708948772,0.10533101856708527
turkiye-NF-1008,digital_1_vs_bonafide,3,3,0.9518808921178182,0.9898168047269186,0.03793591260910034,0.3101946910222371,0.14389548699061075,0.16629920403162637
turkiye-NF-1008,digital_1_vs_digital_2,3,3,0.9539101123809814,0.9890421032905579,0.035131990909576416,0.3044433891773224,0.14978121717770895,0.15466217199961343
turkiye-NF-1008,digital_2_vs_bonafide,3,3,0.9650378823280334,0.9925121466318766,0.02747426430384318,0.264288271466891,0.1233429064353307,0.14094536503156027
turkiye-NF-1054,digital_1_vs_bonafide,3,3,0.9321253498395284,0.9808626174926758,0.04873726765314738,0.36968453725179035,0.19625750184059143,0.17342703541119894
turkiye-NF-1054,digital_1_vs_digital_2,3,3,0.9556564887364706,0.9882965683937073,0.03264007965723673,0.29880906144777936,0.15505199134349823,0.1437570701042811
turkiye-NF-1054,digital_2_vs_bonafide,3,3,0.9409579237302145,0.9843547542889913,0.043396830558776855,0.3468511700630188,0.17831859985987344,0.16853257020314535
turkiye-NF-1103,digital_1_vs_bonafide,3,3,0.9594310720761617,0.9890576402346293,0.02962656815846761,0.28496938943862915,0.14819524188836417,0.13677414755026499
turkiye-NF-1103,digital_1_vs_digital_2,3,3,0.9507680535316467,0.9876420895258585,0.03687403599421183,0.3151438931624095,0.16116735835870108,0.1539765348037084
turkiye-NF-1103,digital_2_vs_bonafide,3,3,0.9647966225941976,0.9915085633595785,0.02671194076538086,0.26661456127961475,0.1348391423622767,0.13177541891733804
turkiye-NM-1011,digital_1_vs_bonafide,3,3,0.9491951664288839,0.9882261157035828,0.03903094927469889,0.318773219982783,0.1522582396864891,0.16651498029629389
turkiye-NM-1011,digital_1_vs_digital_2,3,3,0.9573205510775248,0.9897714257240295,0.03245087464650472,0.2920680145422618,0.14261811474959055,0.1494498997926712
turkiye-NM-1011,digital_2_vs_bonafide,3,3,0.9637583096822103,0.9903259873390198,0.02656767765680949,0.27288184066613513,0.1419234424829483,0.13095839818318686
turkiye-NM-1019,digital_1_vs_bonafide,3,3,0.9539956251780192,0.9894966085751852,0.03550098339716593,0.30199506878852844,0.14495967825253805,0.1570353905359904
turkiye-NM-1019,digital_1_vs_digital_2,3,3,0.9744128982226054,0.9948673844337463,0.02045448621114095,0.22687281171480814,0.10186721632877986,0.1250055953860283
turkiye-NM-1019,digital_2_vs_bonafide,3,3,0.9510418176651001,0.9882145325342814,0.03717271486918131,0.3141777018706004,0.15509368975957236,0.15908401211102804
turkiye-NM-1033,digital_1_vs_bonafide,3,3,0.9429879585901896,0.9863806168238322,0.04339265823364258,0.34216322501500446,0.17167549331982931,0.17048773169517517
turkiye-NM-1033,digital_1_vs_digital_2,3,3,0.963890552520752,0.9917764663696289,0.027885913848876953,0.2674182653427124,0.12696130325396857,0.14045696208874384
turkiye-NM-1033,digital_2_vs_bonafide,3,3,0.9623526136080424,0.9910874962806702,0.028734882672627766,0.27583159506320953,0.13701662917931876,0.13881496588389078
ukraine-006_03,digital_1_vs_bonafide,3,3,0.9088409543037415,0.9787566860516866,0.06991573174794515,0.4413690169652303,0.21660028398036957,0.22476873298486075
ukraine-006_03,digital_1_vs_digital_2,3,3,0.9807455738385519,0.9962592919667562,0.015513718128204346,0.19668867687384287,0.08684459328651428,0.1098440835873286
ukraine-006_03,digital_2_vs_bonafide,3,3,0.9194238980611166,0.9807532429695129,0.0613293449083964,0.4140649735927582,0.20535045862197876,0.20871451497077942
ukraine-007_03,digital_1_vs_bonafide,3,3,0.9676458835601807,0.9937597910563151,0.02611390749613444,0.2542591293652852,0.1136522889137268,0.14060684045155844
ukraine-007_03,digital_1_vs_digital_2,3,3,0.9837741653124491,0.9970476627349854,0.013273497422536215,0.17969568073749542,0.07861422499020894,0.10108145574728648
ukraine-007_03,digital_2_vs_bonafide,3,3,0.975693960984548,0.9956284165382385,0.019934455553690594,0.22084665795167288,0.09330440560976665,0.12754225234190622
ukraine-030_03,digital_1_vs_bonafide,3,3,0.9752679864565531,0.9949282805124918,0.01966029405593872,0.22037367522716522,0.09982989976803462,0.1205437754591306
ukraine-030_03,digital_1_vs_digital_2,3,3,0.9704773227373759,0.9939469496409098,0.023469626903533936,0.2418974886337916,0.11020848900079727,0.13168899963299432
ukraine-030_03,digital_2_vs_bonafide,3,3,0.9843729337056478,0.9969412883122762,0.012568354606628418,0.1757080058256785,0.07751213510831197,0.09819587071736653
ukraine-103_03,digital_1_vs_bonafide,3,3,0.9686314662297567,0.9932085673014323,0.024577101071675617,0.2513864686091741,0.11854930967092514,0.13283715893824896
ukraine-103_03,digital_1_vs_digital_2,3,3,0.9803630908330282,0.9956942001978556,0.015331109364827475,0.19844495256741843,0.09348023186127345,0.10496472070614497
ukraine-103_03,digital_2_vs_bonafide,3,3,0.958814263343811,0.990526040395101,0.03171177705128988,0.288455789287885,0.13940295577049255,0.14905283351739249
ukraine-NF-1005,digital_1_vs_bonafide,3,3,0.9502024054527283,0.9881081382433573,0.03790573279062907,0.31842975815137226,0.15785775085290274,0.16057200729846954
ukraine-NF-1005,digital_1_vs_digital_2,3,3,0.9469127655029297,0.9880123138427734,0.04109954833984375,0.3305179874102275,0.1602475792169571,0.17027040819327036
ukraine-NF-1005,digital_2_vs_bonafide,3,3,0.984095056851705,0.9965744018554688,0.012479345003763834,0.18107417722543082,0.0843508392572403,0.0967233379681905
ukraine-NF-1015,digital_1_vs_bonafide,3,3,0.9649126927057902,0.9918622771898905,0.026949584484100342,0.26457415024439496,0.1278974860906601,0.13667666415373483
ukraine-NF-1015,digital_1_vs_digital_2,3,3,0.9577768842379252,0.9904340902964274,0.0326572060585022,0.29023683071136475,0.13884013146162033,0.15139669924974442
ukraine-NF-1015,digital_2_vs_bonafide,3,3,0.9847047527631124,0.9972530603408813,0.012548307577768961,0.1741903026898702,0.07372512171665828,0.10046518097321193
ukraine-NF-1021,digital_1_vs_bonafide,3,3,0.9740594625473022,0.9951478838920593,0.02108842134475708,0.2313097963730494,0.10585702459017436,0.12545277178287506
ukraine-NF-1021,digital_1_vs_digital_2,3,3,0.9599146246910095,0.9919527769088745,0.03203815221786499,0.2838030109802882,0.12868323922157288,0.1551197717587153
ukraine-NF-1021,digital_2_vs_bonafide,3,3,0.9786901672681173,0.9955854614575704,0.016895294189453125,0.2065316140651703,0.0953815405567487,0.11115007350842158
ukraine-NF-1032,digital_1_vs_bonafide,3,3,0.9681395292282104,0.993411143620809,0.02527161439259847,0.2548040300607681,0.11904604236284892,0.13575798769791922
ukraine-NF-1032,digital_1_vs_digital_2,3,3,0.9569543600082397,0.9911865393320719,0.03423217932383219,0.2929070790608724,0.13253798335790634,0.16036909570296606
ukraine-NF-1032,digital_2_vs_bonafide,3,3,0.9796848893165588,0.9958551923433939,0.016170303026835125,0.2019896854956945,0.09307809174060822,0.10891159375508626
ukraine-NF-1057,digital_1_vs_bonafide,3,3,0.9313251177469889,0.9855041901270548,0.05417907238006592,0.3722943564256032,0.17222566405932108,0.20006869236628214
ukraine-NF-1057,digital_1_vs_digital_2,3,3,0.9472007552782694,0.988981564839681,0.04178080956141154,0.3249826729297638,0.1488901525735855,0.17609252035617828
ukraine-NF-1057,digital_2_vs_bonafide,3,3,0.9449830651283264,0.9889074166615804,0.04392435153325399,0.33374329408009845,0.1516693333784739,0.18207396070162454
ukraine-NF-1077,digital_1_vs_bonafide,3,3,0.9149194955825806,0.984939714272817,0.0700202186902364,0.41079917550086975,0.17404042184352875,0.236758753657341
ukraine-NF-1077,digital_1_vs_digital_2,3,3,0.9452539483706156,0.9897627433141073,0.044508794943491616,0.33120177189509076,0.14325672388076782,0.1879450480143229
ukraine-NF-1077,digital_2_vs_bonafide,3,3,0.9510272741317749,0.9903457164764404,0.03931844234466553,0.31577890117963153,0.14297368625799814,0.1728052149216334
ukraine-NF-1084,digital_1_vs_bonafide,3,3,0.9596017599105835,0.9930239121119181,0.03342215220133463,0.28846999009450275,0.1242816150188446,0.16418837507565817
ukraine-NF-1084,digital_1_vs_digital_2,3,3,0.9662822286287943,0.993478794892629,0.027196566263834637,0.26224468151728314,0.11742039024829865,0.14482429126898447
ukraine-NF-1084,digital_2_vs_bonafide,3,3,0.9740986426671346,0.9943499366442362,0.020251293977101643,0.22881479561328888,0.10731356342633565,0.12150123218695323
ukraine-NF-1087,digital_1_vs_bonafide,3,3,0.965469479560852,0.9941486318906149,0.028679152329762776,0.26346070567766827,0.11203240106503169,0.15142830461263657
ukraine-NF-1087,digital_1_vs_digital_2,3,3,0.977803111076355,0.9958210388819376,0.018017927805582683,0.21210881074269614,0.09674544632434845,0.11536336441834767
ukraine-NF-1087,digital_2_vs_bonafide,3,3,0.9633719325065613,0.9927164117495219,0.029344479242960613,0.26822229226430255,0.12055311103661855,0.14766918122768402
ukraine-NM-1007,digital_1_vs_bonafide,3,3,0.9674844344456991,0.994004468123118,0.026520033677419026,0.2562470982472102,0.11431978146235149,0.1419273167848587
ukraine-NM-1007,digital_1_vs_digital_2,3,3,0.9632766842842102,0.9927088419596354,0.029432157675425213,0.2724056641260783,0.12418016046285629,0.14822550366322199
ukraine-NM-1007,digital_2_vs_bonafide,3,3,0.9798953731854757,0.9961232344309489,0.016227861245473225,0.20013652245203653,0.08754884451627731,0.11258767793575923
usa-009_03,digital_1_vs_bonafide,3,3,0.98748912413915,0.9974848826726278,0.009995758533477783,0.15766967833042145,0.07082619269688924,0.08684348563353221
usa-009_03,digital_1_vs_digital_2,3,3,0.9854476849238077,0.9967127839724222,0.011265099048614502,0.1704504986604055,0.08148193111022313,0.08896856755018234
usa-009_03,digital_2_vs_bonafide,3,3,0.987038254737854,0.9974141915639242,0.01037593682607015,0.16087291638056436,0.07232303669055302,0.08854987969001134
usa-011_03,digital_1_vs_bonafide,3,3,0.9860649307568868,0.9974542856216431,0.011389354864756266,0.16608158747355142,0.07208055754502614,0.09400102992852528
usa-011_03,digital_1_vs_digital_2,3,3,0.9859735568364462,0.997271736462911,0.011298179626464844,0.16777236759662628,0.07499655087788899,0.09277581671873729
usa-011_03,digital_2_vs_bonafide,3,3,0.9878658652305603,0.9975219368934631,0.009656071662902832,0.1542962764700254,0.0698515015343825,0.08444477493564288
usa-016_03,digital_1_vs_bonafide,3,3,0.9706402619679769,0.9934213757514954,0.022781113783518474,0.24115592737992605,0.11405360698699951,0.12710232039292654
usa-016_03,digital_1_vs_digital_2,3,3,0.9838850498199463,0.9969460566838583,0.013061006863911947,0.18009111285209656,0.08001366257667542,0.10007745027542114
usa-016_03,digital_2_vs_bonafide,3,3,0.969031035900116,0.9928172628084818,0.023786226908365887,0.24773201843102774,0.11921434849500656,0.12851766993602118
usa-043_03,digital_1_vs_bonafide,3,3,0.937596837679545,0.9841965834299723,0.046599745750427246,0.3566172122955322,0.18656474351882935,0.17005246877670288
usa-043_03,digital_1_vs_digital_2,3,3,0.9852827191352844,0.9973377784093221,0.01205505927403768,0.17165094117323557,0.07301163921753566,0.09863930195569992
usa-043_03,digital_2_vs_bonafide,3,3,0.9382476806640625,0.9847572644551595,0.04650958379109701,0.35441343983014423,0.182672788699468,0.17174065113067627
usa-063_03,digital_1_vs_bonafide,3,3,0.9862213532129923,0.9970534443855286,0.010832091172536215,0.1661710391441981,0.0767022172609965,0.0894688218832016
usa-063_03,digital_1_vs_digital_2,3,3,0.98848424355189,0.997845451037089,0.009361207485198975,0.15148179729779562,0.06587768718600273,0.08560411011179288
usa-063_03,digital_2_vs_bonafide,3,3,0.9827629923820496,0.9963308374087015,0.013567845026652018,0.1856639931599299,0.0856377308567365,0.1000262623031934
usa-117_03,digital_1_vs_bonafide,3,3,0.9850014845530192,0.9966002504030863,0.011598765850067139,0.1725385238726934,0.08242191871007283,0.09011660516262054
usa-117_03,digital_1_vs_digital_2,3,3,0.9777891437212626,0.9955590565999349,0.017769912878672283,0.2082195927699407,0.09370115399360657,0.11451843877633412
usa-117_03,digital_2_vs_bonafide,3,3,0.979750414689382,0.9962218999862671,0.016471485296885174,0.19849823415279388,0.08600047479073207,0.11249775936206181
usa-134_03,digital_1_vs_bonafide,3,3,0.9758272369702657,0.9948363105456034,0.019009073575337727,0.21904934446016947,0.10141286998987198,0.1176364744702975
usa-134_03,digital_1_vs_digital_2,3,3,0.9850372870763143,0.9969916939735413,0.011954406897226969,0.1729096919298172,0.08083005249500275,0.09207963943481445
usa-134_03,digital_2_vs_bonafide,3,3,0.9794000585873922,0.99576203028361,0.016361971696217854,0.2024856557448705,0.09356788049141566,0.10891777525345485
usa-136_03,digital_1_vs_bonafide,3,3,0.9865109125773112,0.9974660078684489,0.010955095291137695,0.16421491404374441,0.07212957988182704,0.09208533416191737
usa-136_03,digital_1_vs_digital_2,3,3,0.9826707641283671,0.9968788226445516,0.014208058516184488,0.1858448932568232,0.07896266132593155,0.10688223193089168
usa-136_03,digital_2_vs_bonafide,3,3,0.9876254598299662,0.9974995652834574,0.009874105453491211,0.15701404213905334,0.0708176741997401,0.08619636793931325
usa-137_03,digital_1_vs_bonafide,3,3,0.9698461890220642,0.993099053700765,0.023252864678700764,0.24427521725495657,0.11792811254660289,0.12634710470835367
usa-137_03,digital_1_vs_digital_2,3,3,0.973857601483663,0.9939807653427124,0.02012316385904948,0.22884932160377502,0.11133862783511479,0.11751069376866023
usa-137_03,digital_2_vs_bonafide,3,3,0.9615205923716227,0.9913481076558431,0.02982751528422038,0.2787815233071645,0.13639133175214133,0.1423901915550232
usa-NF-1004,digital_1_vs_bonafide,3,3,0.9783598979314169,0.9957638382911682,0.017403940359751385,0.2063951293627421,0.0912996307015419,0.11509549866120021
usa-NF-1004,digital_1_vs_digital_2,3,3,0.9738163948059082,0.9950505892435709,0.02123419443766276,0.22784198820590973,0.09931975106398265,0.1285222371419271
usa-NF-1004,digital_2_vs_bonafide,3,3,0.9846232732137045,0.9969153801600138,0.012292106946309408,0.17503834267457327,0.07899305472771327,0.09604528794686
usa-NF-1009,digital_1_vs_bonafide,3,3,0.9706946611404419,0.9926909605662028,0.021996299425760906,0.2418012817700704,0.12119257946809132,0.12060870230197906
usa-NF-1009,digital_1_vs_digital_2,3,3,0.9699049989382426,0.9930169582366943,0.02311195929845174,0.24555501838525137,0.11937167992194493,0.12618333846330643
usa-NF-1009,digital_2_vs_bonafide,3,3,0.9629333813985189,0.9914873043696085,0.02855392297108968,0.2711237023274104,0.1305589328209559,0.14056476950645447
usa-NF-1017,digital_1_vs_bonafide,3,3,0.9769249757130941,0.9948376814524332,0.01791270573933919,0.21554839611053467,0.10308946669101715,0.11245892941951752
usa-NF-1017,digital_1_vs_digital_2,3,3,0.9757755796114603,0.9944327672322592,0.018657187620798748,0.22016057868798575,0.10621242721875508,0.11394815146923065
usa-NF-1017,digital_2_vs_bonafide,3,3,0.9719937245051066,0.9934963583946228,0.021502633889516194,0.2363060067097346,0.1138835921883583,0.1224224145213763
usa-NF-1044,digital_1_vs_bonafide,3,3,0.9664905667304993,0.9918663501739502,0.025375783443450928,0.2581177105506261,0.12839940190315247,0.12971830864747366
usa-NF-1044,digital_1_vs_digital_2,3,3,0.9695136547088623,0.9941720366477966,0.024658381938934326,0.24658378958702087,0.10785578936338425,0.13872800022363663
usa-NF-1044,digital_2_vs_bonafide,3,3,0.9622805515925089,0.9928490320841471,0.030568480491638184,0.27296683192253113,0.1197458306948344,0.15322100122769675
usa-NF-1046,digital_1_vs_bonafide,3,3,0.9594095150629679,0.9925838510195414,0.033174335956573486,0.28341109057267505,0.12129326661427815,0.1621178239583969
usa-NF-1046,digital_1_vs_digital_2,3,3,0.9678939779599508,0.9943135182062784,0.026419540246327717,0.2537487596273422,0.10747463007767995,0.14627412954966226
usa-NF-1046,digital_2_vs_bonafide,3,3,0.9706812103589376,0.993857741355896,0.023176530996958416,0.24115384121735892,0.1112105945746104,0.1299432466427485
usa-NF-1051,digital_1_vs_bonafide,3,3,0.9839948813120524,0.9968518018722534,0.01285692056020101,0.17875147859255472,0.07975639154513676,0.09899508704741795
usa-NF-1051,digital_1_vs_digital_2,3,3,0.9887732068697611,0.997997005780538,0.009223798910776774,0.1490536779165268,0.06293480594952901,0.08611887196699779
usa-NF-1051,digital_2_vs_bonafide,3,3,0.9885639349619547,0.9978923598925272,0.00932842493057251,0.14956429600715637,0.06458021079500516,0.08498408521215121
usa-NF-1062,digital_1_vs_bonafide,3,3,0.9579946994781494,0.9910886287689209,0.033093929290771484,0.29096266627311707,0.1355525702238083,0.15541009604930878
usa-NF-1062,digital_1_vs_digital_2,3,3,0.9635512431462606,0.9923962752024332,0.028845032056172688,0.26892324288686115,0.12320524702469508,0.14571799586216608
usa-NF-1062,digital_2_vs_bonafide,3,3,0.9585232933362325,0.9912756284077963,0.03275233507156372,0.29065006971359253,0.1371212030450503,0.15352886666854224
usa-NF-1071,digital_1_vs_bonafide,3,3,0.9727612336476644,0.994300921758016,0.021539688110351562,0.23356319467226663,0.1075170636177063,0.12604613105456033
usa-NF-1071,digital_1_vs_digital_2,3,3,0.9731623729070028,0.9928889075915018,0.019726534684499104,0.232045645515124,0.120191790163517,0.11185385535160701
usa-NF-1071,digital_2_vs_bonafide,3,3,0.9644413987795512,0.989989161491394,0.025547762711842854,0.2667265037695567,0.14161843558152518,0.12510806818803152
usa-NF-1093,digital_1_vs_bonafide,3,3,0.9847108523050944,0.9967836737632751,0.012072821458180746,0.1738160252571106,0.08106962343056996,0.09274640182654063
usa-NF-1093,digital_1_vs_digital_2,3,3,0.9798843065897623,0.9958518743515015,0.015967567761739094,0.20070778826872507,0.09233036140600841,0.10837742686271667
usa-NF-1093,digital_2_vs_bonafide,3,3,0.9787437717119852,0.9950827757517496,0.016339004039764404,0.20510882635911307,0.09892506649096806,0.10618375986814499
usa-NF-1094,digital_1_vs_bonafide,3,3,0.9692551692326864,0.992973804473877,0.023718635241190594,0.24648896356423697,0.11839210490385692,0.12809685866038004
usa-NF-1094,digital_1_vs_digital_2,3,3,0.9562198321024576,0.9914161960283915,0.03519636392593384,0.29610294103622437,0.1326256146033605,0.16347732643286386
usa-NF-1094,digital_2_vs_bonafide,3,3,0.9742300510406494,0.9947895606358846,0.020559509595235188,0.2272154688835144,0.10267489900191624,0.12454056988159816
usa-NM-1052,digital_1_vs_bonafide,3,3,0.9762987097104391,0.9949490825335184,0.018650372823079426,0.21682763596375784,0.10017317781845729,0.11665445814530055
usa-NM-1052,digital_1_vs_digital_2,3,3,0.981268564860026,0.9966022570927938,0.01533369223276774,0.19359091917673746,0.08382835984230042,0.10976255933443706
usa-NM-1052,digital_2_vs_bonafide,3,3,0.9829261700312296,0.9962867697079977,0.013360599676767984,0.1849859654903412,0.08729255696137746,0.09769340852896373
