analysis_unit,group_type,group_value,metric,n,mean,std,min,q25,median,q75,max
capture_pair,pair_type,digital_1_vs_bonafide,layer4_1_cosine,480,0.9632896470526854,0.024393540562509666,0.8493263721466064,0.9553700089454651,0.9711459279060364,0.9797648340463638,0.9928165078163147
capture_pair,pair_type,digital_1_vs_bonafide,avgpool_cosine,480,0.991500873118639,0.006964121290239179,0.9561877250671387,0.9894308000802994,0.9940607249736786,0.9958824813365936,0.9984908699989319
capture_pair,pair_type,digital_1_vs_bonafide,cosine_reconvergence,480,0.02821122606595357,0.017627802232564046,0.005568265914916992,0.015742599964141846,0.022778242826461792,0.03507976233959198,0.10686135292053223
capture_pair,pair_type,digital_1_vs_bonafide,layer4_1_relative_l2,480,0.26069297625993687,0.08125136608396327,0.1203370988368988,0.2013547532260418,0.2408480942249298,0.29960552603006363,0.5696657299995422
capture_pair,pair_type,digital_1_vs_bonafide,avgpool_relative_l2,480,0.12482523017873366,0.04680246672556709,0.05497579276561737,0.09250534139573574,0.11098523810505867,0.14697615802288055,0.3183640241622925
capture_pair,pair_type,digital_1_vs_bonafide,relative_l2_reconvergence,480,0.13586774608120322,0.0362480827426772,0.06341667845845222,0.10918479971587658,0.1295919045805931,0.15535273030400276,0.2679476886987686
capture_pair,pair_type,digital_1_vs_digital_2,layer4_1_cosine,480,0.9658810994277398,0.022054509405002375,0.8529942035675049,0.9569299668073654,0.9724005460739136,0.980617105960846,0.9956647157669067
capture_pair,pair_type,digital_1_vs_digital_2,avgpool_cosine,480,0.9923580763240655,0.006078861540987713,0.9533607959747314,0.9905223995447159,0.9942817389965057,0.9961549490690231,0.9993585348129272
capture_pair,pair_type,digital_1_vs_digital_2,cosine_reconvergence,480,0.026476976896325746,0.016149118896185886,0.003693819046020508,0.015529051423072815,0.021764278411865234,0.03396467864513397,0.10036659240722656
capture_pair,pair_type,digital_1_vs_digital_2,layer4_1_relative_l2,480,0.25129204226347307,0.07757463534037477,0.09318214654922485,0.1977529674768448,0.23571759462356567,0.2950388789176941,0.5476545691490173
capture_pair,pair_type,digital_1_vs_digital_2,avgpool_relative_l2,480,0.1183886027118812,0.043232804527296435,0.03581748530268669,0.08888099901378155,0.10822094231843948,0.13950668275356293,0.3098248541355133
capture_pair,pair_type,digital_1_vs_digital_2,relative_l2_reconvergence,480,0.13290343955159187,0.0358586219345718,0.05679306015372276,0.10801390558481216,0.12673234567046165,0.155429445207119,0.24445870518684387
capture_pair,pair_type,digital_2_vs_bonafide,layer4_1_cosine,480,0.9672648609926303,0.02454391320787973,0.8387590646743774,0.9583956301212311,0.975175678730011,0.9839534610509872,0.9949601292610168
capture_pair,pair_type,digital_2_vs_bonafide,avgpool_cosine,480,0.9923420948286851,0.006982837499761489,0.942990243434906,0.9904949218034744,0.9947018027305603,0.9968427121639252,0.9992684721946716
capture_pair,pair_type,digital_2_vs_bonafide,cosine_reconvergence,480,0.025077233836054803,0.01775938391979932,0.00412297248840332,0.012780323624610901,0.01970142126083374,0.032267168164253235,0.125687837600708
capture_pair,pair_type,digital_2_vs_bonafide,layer4_1_relative_l2,480,0.243469879993548,0.08449424002411998,0.10040256381034851,0.18017110601067543,0.22304270416498184,0.29034850746393204,0.568328857421875
capture_pair,pair_type,digital_2_vs_bonafide,avgpool_relative_l2,480,0.11691631061645845,0.04779455327720815,0.03827706351876259,0.08139225840568542,0.10483646765351295,0.1396908462047577,0.3436335325241089
capture_pair,pair_type,digital_2_vs_bonafide,relative_l2_reconvergence,480,0.12655356937708953,0.038236834946989144,0.05457385629415512,0.0969295036047697,0.11998686194419861,0.14857841096818447,0.301472932100296
capture_pair,hardware_source,huawei,layer4_1_cosine,160,0.9660993356257677,0.025074608989723284,0.8493263721466064,0.9600609987974167,0.9745753705501556,0.9821235686540604,0.9928165078163147
capture_pair,hardware_source,huawei,avgpool_cosine,160,0.9920648731291294,0.007319188573923931,0.9561877250671387,0.9913161396980286,0.9945616722106934,0.9964465498924255,0.9984908699989319
capture_pair,hardware_source,huawei,cosine_reconvergence,160,0.025965537503361703,0.017918842528829037,0.005568265914916992,0.014253541827201843,0.020262956619262695,0.031888753175735474,0.10686135292053223
capture_pair,hardware_source,huawei,layer4_1_relative_l2,160,0.24874287880957127,0.08380425311683636,0.1203370988368988,0.18918215855956078,0.22661133855581284,0.28595148772001266,0.5696657299995422
capture_pair,hardware_source,huawei,avgpool_relative_l2,160,0.11929129085037857,0.048738598391961215,0.05497579276561737,0.08546585962176323,0.10557885840535164,0.13416854292154312,0.3183640241622925
capture_pair,hardware_source,huawei,relative_l2_reconvergence,160,0.1294515879591927,0.03674128480355939,0.06341667845845222,0.10146675817668438,0.12048283964395523,0.15323671326041222,0.253606915473938
capture_pair,hardware_source,iphone15pro,layer4_1_cosine,160,0.9587231148034334,0.02559952551590776,0.8590139746665955,0.9477123767137527,0.9671851992607117,0.9760594964027405,0.9903116822242737
capture_pair,hardware_source,iphone15pro,avgpool_cosine,160,0.9902935694903136,0.007352557288692799,0.9576584696769714,0.9873703569173813,0.9932329058647156,0.9951792508363724,0.9980157613754272
capture_pair,hardware_source,iphone15pro,cosine_reconvergence,160,0.03157045468688011,0.018446679342445545,0.0076406002044677734,0.019237428903579712,0.025973498821258545,0.03844575583934784,0.09864449501037598
capture_pair,hardware_source,iphone15pro,layer4_1_relative_l2,160,0.2775558330118656,0.08316877591960804,0.13921670615673065,0.21932459995150566,0.25750643014907837,0.32568830996751785,0.5340473651885986
capture_pair,hardware_source,iphone15pro,avgpool_relative_l2,160,0.1340696584433317,0.04837449369485055,0.06301899999380112,0.10087938979268074,0.11806179955601692,0.16038477420806885,0.2951337695121765
capture_pair,hardware_source,iphone15pro,relative_l2_reconvergence,160,0.1434861745685339,0.03653706632700342,0.07521253824234009,0.11860210448503494,0.13819856196641922,0.16272111982107162,0.2679476886987686
capture_pair,hardware_source,scan,layer4_1_cosine,160,0.9650464907288552,0.021829184611379466,0.8791216611862183,0.958588644862175,0.9709634184837341,0.9796557724475861,0.9909977316856384
capture_pair,hardware_source,scan,avgpool_cosine,160,0.992144176736474,0.006022715163689554,0.966185450553894,0.9910890460014343,0.9944194257259369,0.9956381618976593,0.9984039068222046
capture_pair,hardware_source,scan,cosine_reconvergence,160,0.027097686007618905,0.016033839752013057,0.007085978984832764,0.015843629837036133,0.023199766874313354,0.03219473361968994,0.08965569734573364
capture_pair,hardware_source,scan,layer4_1_relative_l2,160,0.2557802169583738,0.07412194241340511,0.1342378556728363,0.2031785473227501,0.2424970492720604,0.28796351701021194,0.49494999647140503
capture_pair,hardware_source,scan,avgpool_relative_l2,160,0.1211147412424907,0.04186591466336343,0.05708276480436325,0.09427851065993309,0.10894930362701416,0.13786901161074638,0.2650163769721985
capture_pair,hardware_source,scan,relative_l2_reconvergence,160,0.13466547571588308,0.03423642202444629,0.07228170707821846,0.10961970873177052,0.1320321410894394,0.1506622601300478,0.24770334362983704
capture_pair,hardware_source,huawei,layer4_1_cosine,160,0.9712412368506194,0.02303799476924718,0.8637681007385254,0.9648745954036713,0.9789456129074097,0.9857564717531204,0.9947000741958618
capture_pair,hardware_source,huawei,avgpool_cosine,160,0.9932643976062536,0.006558842275820388,0.9600048661231995,0.9915239810943604,0.9955126941204071,0.9971244633197784,0.9988230466842651
capture_pair,hardware_source,huawei,cosine_reconvergence,160,0.02202316075563431,0.016599333944904423,0.00412297248840332,0.011332079768180847,0.016539186239242554,0.02663038671016693,0.09623676538467407
capture_pair,hardware_source,huawei,layer4_1_relative_l2,160,0.22725616698153317,0.08174635924142369,0.10319327563047409,0.16896094754338264,0.2059822455048561,0.2660696431994438,0.5361847281455994
capture_pair,hardware_source,huawei,avgpool_relative_l2,160,0.10915086932945997,0.04597194331643248,0.04861941933631897,0.07777603901922703,0.09627077355980873,0.1312931403517723,0.296853631734848
capture_pair,hardware_source,huawei,relative_l2_reconvergence,160,0.1181052976520732,0.03703724691239195,0.05457385629415512,0.0921759121119976,0.11008527874946594,0.13549390994012356,0.23933109641075134
capture_pair,hardware_source,iphone15pro,layer4_1_cosine,160,0.9609713587909937,0.028058703955212077,0.8387590646743774,0.9499376565217972,0.969878077507019,0.9800855219364166,0.9927414059638977
capture_pair,hardware_source,iphone15pro,avgpool_cosine,160,0.9905993398278952,0.008365306070566143,0.942990243434906,0.9881783425807953,0.9935464560985565,0.996010348200798,0.9986472129821777
capture_pair,hardware_source,iphone15pro,cosine_reconvergence,160,0.029627981036901473,0.019990167793902537,0.005905807018280029,0.015505433082580566,0.022671908140182495,0.03806908428668976,0.125687837600708
capture_pair,hardware_source,iphone15pro,layer4_1_relative_l2,160,0.2667220985516906,0.09057291529339581,0.12049441039562225,0.19979525730013847,0.24611597508192062,0.31923995167016983,0.568328857421875
capture_pair,hardware_source,iphone15pro,avgpool_relative_l2,160,0.12953990721143782,0.05305469474095978,0.05203033611178398,0.0896898228675127,0.11521190404891968,0.15756738185882568,0.3436335325241089
capture_pair,hardware_source,iphone15pro,relative_l2_reconvergence,160,0.13718219134025275,0.03943154126087716,0.06846407428383827,0.10819016024470329,0.13014543801546097,0.16077960282564163,0.301472932100296
capture_pair,hardware_source,scan,layer4_1_cosine,160,0.969581987336278,0.020870487099805785,0.8726255893707275,0.9616570472717285,0.9755912125110626,0.9844762831926346,0.9949601292610168
capture_pair,hardware_source,scan,avgpool_cosine,160,0.9931625470519065,0.005413591221093264,0.9668056964874268,0.9914703965187073,0.9947525858879089,0.9969823807477951,0.9992684721946716
capture_pair,hardware_source,scan,cosine_reconvergence,160,0.023580559715628623,0.015573374828177017,0.004308342933654785,0.012435674667358398,0.019109100103378296,0.02960297465324402,0.09418010711669922
capture_pair,hardware_source,scan,layer4_1_relative_l2,160,0.23643137444742024,0.07591610969271433,0.10040256381034851,0.17629612237215042,0.2220338135957718,0.2779960632324219,0.5113959908485413
capture_pair,hardware_source,scan,avgpool_relative_l2,160,0.11205815530847758,0.041336212527531724,0.03827706351876259,0.08022678829729557,0.10324146971106529,0.13303684443235397,0.2689683437347412
capture_pair,hardware_source,scan,relative_l2_reconvergence,160,0.12437321913894266,0.03588410606747182,0.06212550029158592,0.09599992074072361,0.11866231635212898,0.14427056163549423,0.24242764711380005
capture_pair,hardware_source,huawei,layer4_1_cosine,160,0.9671316921710968,0.022505758235391245,0.8529942035675049,0.9607669413089752,0.9742421507835388,0.9807321578264236,0.99417644739151
capture_pair,hardware_source,huawei,avgpool_cosine,160,0.992576515302062,0.006337111730414345,0.9533607959747314,0.9915152937173843,0.9945708811283112,0.9961130619049072,0.9988478422164917
capture_pair,hardware_source,huawei,cosine_reconvergence,160,0.025444823130965234,0.01633680679891758,0.004513204097747803,0.015271306037902832,0.020046085119247437,0.030546903610229492,0.10036659240722656
capture_pair,hardware_source,huawei,layer4_1_relative_l2,160,0.24623512560501695,0.07769800166036443,0.10798493772745132,0.19678981229662895,0.22731215506792068,0.2824869006872177,0.5476545691490173
capture_pair,hardware_source,huawei,avgpool_relative_l2,160,0.11646369867958128,0.04358534460683315,0.048083215951919556,0.08924171328544617,0.10621610283851624,0.13523982465267181,0.3098248541355133
capture_pair,hardware_source,huawei,relative_l2_reconvergence,160,0.12977142692543567,0.03562510197204787,0.05679306015372276,0.10687238909304142,0.12438740953803062,0.15102669037878513,0.24280154705047607
capture_pair,hardware_source,iphone15pro,layer4_1_cosine,160,0.9627742763608694,0.02341837150844474,0.8718432188034058,0.9517273455858231,0.9697538912296295,0.9791889190673828,0.9956647157669067
capture_pair,hardware_source,iphone15pro,avgpool_cosine,160,0.9915338985621929,0.006342939040486871,0.9667627811431885,0.988865077495575,0.9934120178222656,0.9959706515073776,0.9993585348129272
capture_pair,hardware_source,iphone15pro,cosine_reconvergence,160,0.02875962220132351,0.017232516161194835,0.003693819046020508,0.016356363892555237,0.024346351623535156,0.036204949021339417,0.09491956233978271
capture_pair,hardware_source,iphone15pro,layer4_1_relative_l2,160,0.26250938009470703,0.08150893663760093,0.09318214654922485,0.2040194794535637,0.24609216302633286,0.31242018938064575,0.5182124376296997
capture_pair,hardware_source,iphone15pro,avgpool_relative_l2,160,0.12470882905181498,0.045398542847141884,0.03581748530268669,0.0925417635589838,0.11558869853615761,0.1527911052107811,0.27375373244285583
capture_pair,hardware_source,iphone15pro,relative_l2_reconvergence,160,0.13780055104289204,0.03746701724496975,0.05736466124653816,0.11143574491143227,0.13309715688228607,0.157603207975626,0.24445870518684387
capture_pair,hardware_source,scan,layer4_1_cosine,160,0.9677373297512532,0.01989067614993239,0.888975203037262,0.9577999711036682,0.9740225076675415,0.9811761826276779,0.9925342798233032
capture_pair,hardware_source,scan,avgpool_cosine,160,0.9929638151079416,0.005461670097132498,0.9700158834457397,0.9909376800060272,0.9947657585144043,0.9963223487138748,0.998898983001709
capture_pair,hardware_source,scan,cosine_reconvergence,160,0.025226485356688498,0.01462610120882198,0.00602269172668457,0.014956176280975342,0.02076888084411621,0.032525137066841125,0.08263671398162842
capture_pair,hardware_source,scan,layer4_1_relative_l2,160,0.24513162109069525,0.07251164786011684,0.12228841334581375,0.1946357525885105,0.228349506855011,0.2934121787548065,0.48156094551086426
capture_pair,hardware_source,scan,avgpool_relative_l2,160,0.11399328040424735,0.04008317824803167,0.04857523739337921,0.08682226948440075,0.10438308864831924,0.13561737537384033,0.24557578563690186
capture_pair,hardware_source,scan,relative_l2_reconvergence,160,0.13113834068644792,0.03411205404151697,0.06653834134340286,0.10708854347467422,0.12472512573003769,0.1547704078257084,0.23672635853290558
card,pair_type,digital_1_vs_bonafide,layer4_1_cosine,160,0.9632896470526855,0.023170814546521805,0.8651860356330872,0.954407791296641,0.969926009575526,0.9787094295024872,0.9913753072420756
card,pair_type,digital_1_vs_bonafide,avgpool_cosine,160,0.991500873118639,0.006613449722782675,0.9620588223139445,0.9894849558671316,0.9938680628935497,0.9958257923523585,0.9981402556101481
card,pair_type,digital_1_vs_bonafide,cosine_reconvergence,160,0.02821122606595357,0.016716368466946054,0.00676494836807251,0.016796494523684185,0.023219972848892212,0.03465905288855235,0.09687278668085735
card,pair_type,digital_1_vs_bonafide,layer4_1_relative_l2,160,0.2606929762599369,0.07693058527101636,0.13126388688882193,0.2054299550751845,0.244479904572169,0.2993183235327403,0.5232700010140737
card,pair_type,digital_1_vs_bonafide,avgpool_relative_l2,160,0.12482523017873366,0.044341403588956496,0.060960245629151665,0.0927746444940567,0.11300118267536163,0.145161638657252,0.2799786478281021
card,pair_type,digital_1_vs_bonafide,relative_l2_reconvergence,160,0.13586774608120322,0.03398026155391837,0.07030364125967026,0.11226414454480012,0.1292654151717822,0.15732864663004875,0.2432913531859716
card,pair_type,digital_1_vs_digital_2,layer4_1_cosine,160,0.9658810994277399,0.020408506744957942,0.8811178604761759,0.9567707280317942,0.9724846184253693,0.9797583470741907,0.9941251476605734
card,pair_type,digital_1_vs_digital_2,avgpool_cosine,160,0.9923580763240654,0.005611454680463647,0.963482121626536,0.9901883949836094,0.9941505094369252,0.9958287477493286,0.9988683859507242
card,pair_type,digital_1_vs_digital_2,cosine_reconvergence,160,0.02647697689632575,0.014934462103009912,0.00474323829015096,0.01590683062871297,0.021828124920527138,0.03421817223230998,0.08236426115036011
card,pair_type,digital_1_vs_digital_2,layer4_1_relative_l2,160,0.2512920422634731,0.07286269085130202,0.10781849920749664,0.2011071766416232,0.23488764464855194,0.2937060445547104,0.4888223608334859
card,pair_type,digital_1_vs_digital_2,avgpool_relative_l2,160,0.11838860271188119,0.04035311884656619,0.046913481007019676,0.09291265284021696,0.10791607449452081,0.1410078170398871,0.2719002564748128
card,pair_type,digital_1_vs_digital_2,relative_l2_reconvergence,160,0.13290343955159187,0.033598721975378054,0.06090501820047697,0.1094255093485117,0.12706792851289112,0.1547765719393889,0.2170951763788859
card,pair_type,digital_2_vs_bonafide,layer4_1_cosine,160,0.9672648609926302,0.022295219744853427,0.8779792984326681,0.9602393706639608,0.9742816686630249,0.9829382002353668,0.9941338698069254
card,pair_type,digital_2_vs_bonafide,avgpool_cosine,160,0.9923420948286852,0.006267283603797733,0.9663249254226685,0.9904809594154358,0.9945338765780132,0.9965735077857971,0.9989129106203715
card,pair_type,digital_2_vs_bonafide,cosine_reconvergence,160,0.025077233836054803,0.016151171224965816,0.004779040813446045,0.013340761264165241,0.02024942636489868,0.03071346382300059,0.08834562699000041
card,pair_type,digital_2_vs_bonafide,layer4_1_relative_l2,160,0.24346987999354797,0.07750082894170864,0.10803008327881496,0.18549448624253273,0.22560885548591614,0.28009993334611255,0.4971610903739929
card,pair_type,digital_2_vs_bonafide,avgpool_relative_l2,160,0.11691631061645844,0.04380898798582392,0.04630893965562185,0.08497824519872665,0.1056476024289926,0.13977621185282865,0.27241186300913495
card,pair_type,digital_2_vs_bonafide,relative_l2_reconvergence,160,0.12655356937708953,0.03482821641792994,0.06172114362319311,0.09933006825546423,0.11966384326418242,0.14789783830444017,0.23372899989287058
image,image_role,bonafide,layer4_original_vs_roll_cosine,480,0.7426948416978121,0.015681758720624748,0.6974745988845825,0.7325209677219391,0.742074191570282,0.7531092762947083,0.7841047048568726
image,image_role,bonafide,layer4_original_vs_roll_relative_l2,480,0.7170292915155491,0.021916061163583054,0.6571077108383179,0.702695682644844,0.7182280719280243,0.7314082235097885,0.7778499722480774
image,image_role,bonafide,avgpool_original_vs_roll_cosine,480,0.9999999853471915,6.484861204529815e-08,0.9999997615814209,0.9999999403953552,1.0,1.0,1.000000238418579
image,image_role,bonafide,avgpool_original_vs_roll_relative_l2,480,5.409897632831691e-08,7.576914270743679e-09,3.13271790730596e-08,4.9541259095065016e-08,5.400121061427399e-08,5.907194111642866e-08,8.651843330653719e-08
image,image_role,bonafide,model_avgpool_float32_max_abs_error,480,0.0,0.0,0.0,0.0,0.0,0.0,0.0
image,image_role,bonafide,roll_avgpool_float32_max_abs_error,480,4.172325134277344e-07,1.5405909293919527e-07,2.384185791015625e-07,2.384185791015625e-07,4.76837158203125e-07,4.76837158203125e-07,1.430511474609375e-06
image,image_role,bonafide,roll_avgpool_float64_max_abs_error,480,0.0,0.0,0.0,0.0,0.0,0.0,0.0
image,image_role,digital_1,layer4_original_vs_roll_cosine,480,0.7402303128192822,0.015608154142582075,0.6918766498565674,0.7296327501535416,0.7400802671909332,0.7506444752216339,0.7816874980926514
image,image_role,digital_1,layer4_original_vs_roll_relative_l2,480,0.7204643792162339,0.021712900118019355,0.6607760787010193,0.7061948925256729,0.720999002456665,0.7353464365005493,0.7850139141082764
image,image_role,digital_1,avgpool_original_vs_roll_cosine,480,0.9999999882032474,7.134064720365578e-08,0.9999998211860657,0.9999999403953552,1.0,1.0,1.000000238418579
image,image_role,digital_1,avgpool_original_vs_roll_relative_l2,480,5.3507847959840166e-08,7.3138611164817356e-09,2.931893305913036e-08,4.8582632139471116e-08,5.34403685747975e-08,5.881681719444032e-08,7.89694567515653e-08
image,image_role,digital_1,model_avgpool_float32_max_abs_error,480,0.0,0.0,0.0,0.0,0.0,0.0,0.0
image,image_role,digital_1,roll_avgpool_float32_max_abs_error,480,3.943840662638346e-07,1.4228242051230593e-07,1.1920928955078125e-07,2.384185791015625e-07,4.76837158203125e-07,4.76837158203125e-07,9.5367431640625e-07
image,image_role,digital_1,roll_avgpool_float64_max_abs_error,480,0.0,0.0,0.0,0.0,0.0,0.0,0.0
image,image_role,digital_2,layer4_original_vs_roll_cosine,480,0.7409928693125646,0.015269170594847864,0.6960347890853882,0.730601578950882,0.7405180335044861,0.7510043531656265,0.7833942174911499
image,image_role,digital_2,layer4_original_vs_roll_relative_l2,480,0.719417916610837,0.021285384005743473,0.6581880450248718,0.7056848704814911,0.7203914821147919,0.7340276837348938,0.7796989679336548
image,image_role,digital_2,avgpool_original_vs_roll_cosine,480,0.9999999962747097,6.51415082977539e-08,0.9999998211860657,1.0,1.0,1.0,1.000000238418579
image,image_role,digital_2,avgpool_original_vs_roll_relative_l2,480,5.343544780730033e-08,7.461298837034002e-09,2.9966372494527604e-08,4.903480999018939e-08,5.3862070359400605e-08,5.7633100070120236e-08,7.73637935935767e-08
image,image_role,digital_2,model_avgpool_float32_max_abs_error,480,0.0,0.0,0.0,0.0,0.0,0.0,0.0
image,image_role,digital_2,roll_avgpool_float32_max_abs_error,480,4.041939973831177e-07,1.4245341799895076e-07,1.7881393432617188e-07,2.384185791015625e-07,4.76837158203125e-07,4.76837158203125e-07,9.5367431640625e-07
image,image_role,digital_2,roll_avgpool_float64_max_abs_error,480,0.0,0.0,0.0,0.0,0.0,0.0,0.0
